{
  "kernel": {
    "last_fetch": 1752321611.415188,
    "last_checkout": 1752321611.415188
  },
  "projects/musllibc": {
    "last_fetch": 1752321611.415188,
    "last_checkout": 1752321611.415188
  },
  "projects/seL4_libs": {
    "last_fetch": 1752321611.415188,
    "last_checkout": 1752321611.415188
  },
  "projects/sel4_projects_libs": {
    "last_fetch": 1752321611.415188,
    "last_checkout": 1752321611.415188
  },
  "projects/sel4runtime": {
    "last_fetch": 1752321611.415188,
    "last_checkout": 1752321611.415188
  },
  "projects/sel4test": {
    "last_fetch": 1752321611.415188,
    "last_checkout": 1752321611.415188
  },
  "projects/util_libs": {
    "last_fetch": 1752321611.415188,
    "last_checkout": 1752321611.415188
  },
  "tools/nanopb": {
    "last_fetch": 1752321611.415188,
    "last_checkout": 1752321611.415188
  },
  "tools/opensbi": {
    "last_fetch": 1752321611.415188,
    "last_checkout": 1752321611.415188
  },
  "tools/seL4": {
    "last_fetch": 1752321611.415188,
    "last_checkout": 1752321611.415188
  }
}