{
  "seL4.git": 0.7202932834625244,
  "musllibc.git": 0.5702545642852783,
  "seL4_libs.git": 0.469649076461792,
  "sel4_projects_libs": 1.120032787322998,
  "sel4runtime.git": 0.44376587867736816,
  "sel4test.git": 0.4688897132873535,
  "util_libs.git": 0.6340410709381104,
  "nanopb": 1.666388988494873,
  "opensbi": 0.4844999313354492,
  "seL4_tools.git": 0.4462599754333496
}