$ dmesg
[ 2975.039275] 00000230: 00 00 00 00 00 00 00 00 00 00 00 00 00 00 00 00  ................
[ 2975.039279] 00000240: 00 00 00 00 00 00 00 00 00 00 00 00 00 00 00 00  ................
[ 2975.039282] 00000250: 00 00 00 00 00 00 00 00 00 00 00 00 00 00 00 00  ................
[ 2975.039286] 00000260: 00 00 00 00 00 00 00 00 00 00 00 00 00 00 00 00  ................
[ 2975.039289] 00000270: 00 00 00 00 00 00 00 00 00 00 00 00 00 00 00 00  ................
[ 2975.039292] 00000280: 00 00 00 00 00 00 00 00 00 00 00 00 00 00 00 00  ................
[ 2975.039296] 00000290: 00 00 00 00 00 00 00 00 00 00 00 00 00 00 00 00  ................
[ 2975.039299] 000002a0: 00 00 00 00 00 00 00 00 00 00 00 00 00 00 00 00  ................
[ 2975.039302] 000002b0: 00 00 00 00 00 00 00 00 00 00 00 00 00 00 00 00  ................
[ 2975.039305] 000002c0: 00 00 00 00 00 00 00 00 00 00 00 00 00 00 00 00  ................
[ 2975.039309] 000002d0: 00 00 00 00 00 00 00 00 00 00 00 00 00 00 00 00  ................
[ 2975.039312] 000002e0: 00 00 00 00 00 00 00 00 00 00 00 00 00 00 00 00  ................
[ 2975.039315] 000002f0: 00 00 00 00 00 00 00 00 00 00 00 00 00 00 00 00  ................
[ 2975.039319] 00000300: 00 00 00 00 00 00 00 00 00 00 00 00 00 00 00 00  ................
[ 2975.039322] 00000310: 00 00 00 00 00 00 00 00 00 00 00 00 00 00 00 00  ................
[ 2975.039331] brcmfmac: brcmf_sdiod_recv_pkt addr = 0x18000000, size = 64
[ 2975.039363] brcmutil: RxHdr:
[ 2975.039362] brcmfmac: brcmf_sdio_bus_rxctl resumed on rxctl frame, got 788 expected 788
[ 2975.039368] 00000000: 00 00 00 00 00 00 00 00 00 00 00 00              ............
[ 2975.039369] brcmfmac: brcmf_fil_cmd_data_get ifidx=0, cmd=159, len=772, err=0
[ 2975.039373] brcmfmac: brcmf_sdio_readframes processed 1 frames
[ 2975.039375] brcmutil: data
[ 2975.039378] 00000000: 01 00 00 00 f0 72 ea 4c c7 a5 00 00 00 00 00 00  .....r.L........
[ 2975.039382] 00000010: 00 00 00 00 00 00 00 00 00 00 00 00 00 00 00 00  ................
[ 2975.039385] 00000020: 00 00 00 00 00 00 00 00 00 00 00 00 00 00 00 00  ................
[ 2975.039389] 00000030: 00 00 00 00 00 00 00 00 00 00 00 00 00 00 00 00  ................
[ 2975.039393] brcmfmac: brcmf_cfg80211_get_station Enter, MAC f0:72:ea:4c:c7:a5
[ 2975.039400] brcmfmac: brcmf_proto_bcdc_query_dcmd Enter, cmd 262 len 310
[ 2975.039404] brcmfmac: brcmf_proto_bcdc_msg Enter
[ 2975.039408] brcmfmac: brcmf_sdio_bus_txctl Enter
[ 2975.039419] brcmfmac: brcmf_sdio_dpc Enter
[ 2975.039424] brcmfmac: brcmf_sdio_bus_sleep Enter: request WAKE currently WAKE
[ 2975.039427] brcmfmac: brcmf_sdio_clkctl Enter
[ 2975.039431] brcmfmac: brcmf_sdio_bus_sleep new state WAKE
[ 2975.039434] brcmfmac: brcmf_sdio_bus_sleep Exit: err=0
[ 2975.039456] brcmfmac: brcmf_sdio_tx_ctrlframe Enter
[ 2975.039460] brcmutil: Tx Frame:
[ 2975.039465] 00000000: 60 01 9f fe 56 01 00 01 00 00 06 00 90 00 00 14  `...V...........
[ 2975.039469] 00000010: 00 00 00 00 06 01 00 00 36 01 00 00 00 00 35 0a  ........6.....5.
[ 2975.039472] 00000020: 00 00 00 00 74 64 6c 73 5f 73 74 61 5f 69 6e 66  ....tdls_sta_inf
[ 2975.039475] 00000030: 6f 00 f0 72 ea 4c c7 a5 00 00 00 00 00 00 00 00  o..r.L..........
[ 2975.039479] 00000040: 00 00 00 00 00 00 00 00 00 00 00 00 00 00 00 00  ................
[ 2975.039483] 00000050: 00 00 00 00 00 00 00 00 00 00 00 00 00 00 00 00  ................
[ 2975.039487] 00000060: 00 00 00 00 00 00 00 00 00 00 00 00 00 00 00 00  ................
[ 2975.039490] 00000070: 00 00 00 00 00 00 00 00 00 00 00 00 00 00 00 00  ................
[ 2975.039495] 00000080: 00 00 00 00 00 00 00 00 00 00 00 00 00 00 00 00  ................
[ 2975.039498] 00000090: 00 00 00 00 00 00 00 00 00 00 00 00 00 00 00 00  ................
[ 2975.039501] 000000a0: 00 00 00 00 00 00 00 00 00 00 00 00 00 00 00 00  ................
[ 2975.039505] 000000b0: 00 00 00 00 00 00 00 00 00 00 00 00 00 00 00 00  ................
[ 2975.039508] 000000c0: 00 00 00 00 00 00 00 00 00 00 00 00 00 00 00 00  ................
[ 2975.039511] 000000d0: 00 00 00 00 00 00 00 00 00 00 00 00 00 00 00 00  ................
[ 2975.039515] 000000e0: 00 00 00 00 00 00 00 00 00 00 00 00 00 00 00 00  ................
[ 2975.039518] 000000f0: 00 00 00 00 00 00 00 00 00 00 00 00 00 00 00 00  ................
[ 2975.039522] 00000100: 00 00 00 00 00 00 00 00 00 00 00 00 00 00 00 00  ................
[ 2975.039525] 00000110: 00 00 00 00 00 00 00 00 00 00 00 00 00 00 00 00  ................
[ 2975.039528] 00000120: 00 00 00 00 00 00 00 00 00 00 00 00 00 00 00 00  ................
[ 2975.039532] 00000130: 00 00 00 00 00 00 00 00 00 00 00 00 00 00 00 00  ................
[ 2975.039535] 00000140: 00 00 00 00 00 00 00 00 00 00 00 00 00 00 00 00  ................
[ 2975.039538] 00000150: 00 00 00 00 00 00 00 00 00 00 00 00 00 00 00 00  ................
[ 2975.039600] brcmfmac: brcmf_sdio_bus_txctl ctrl_frame complete, err=0
[ 2975.039606] brcmfmac: brcmf_proto_bcdc_cmplt Enter
[ 2975.039609] brcmfmac: brcmf_sdio_bus_rxctl Enter
[ 2975.039987] brcmfmac: brcmf_sdiod_ib_irqhandler IB intr triggered
[ 2975.039993] brcmfmac: brcmf_sdio_isr Enter
[ 2975.040050] brcmfmac: brcmf_sdio_dpc Enter
[ 2975.040055] brcmfmac: brcmf_sdio_bus_sleep Enter: request WAKE currently WAKE
[ 2975.040059] brcmfmac: brcmf_sdio_clkctl Enter
[ 2975.040062] brcmfmac: brcmf_sdio_bus_sleep new state WAKE
[ 2975.040066] brcmfmac: brcmf_sdio_bus_sleep Exit: err=0
[ 2975.040070] brcmfmac: brcmf_sdio_readframes Enter
[ 2975.040075] brcmfmac: brcmf_sdiod_recv_pkt addr = 0x18000000, size = 64
[ 2975.040106] brcmutil: RxHdr:
[ 2975.040110] 00000000: 52 01 ad fe 4d 00 00 0c 00 b9 00 00              R...M.......
[ 2975.040115] brcmfmac: brcmf_sdio_read_control Enter
[ 2975.040147] brcmfmac: brcmf_sdiod_recv_pkt addr = 0x18000000, size = 280
[ 2975.040193] brcmutil: RxCtrl:
[ 2975.040197] 00000000: 52 01 ad fe 4d 00 00 0c 00 b9 00 00 06 01 00 00  R...M...........
[ 2975.040201] 00000010: 00 00 00 00 01 00 35 0a e9 ff ff ff 74 64 6c 73  ......5.....tdls
[ 2975.040205] 00000020: 5f 73 74 61 5f 69 6e 66 6f 00 f0 72 ea 4c c7 a5  _sta_info..r.L..
[ 2975.040208] 00000030: 00 00 00 00 00 00 00 00 00 00 00 00 00 00 00 00  ................
[ 2975.040212] 00000040: 00 00 00 00 00 00 00 00 00 00 00 00 00 00 00 00  ................
[ 2975.040215] 00000050: 00 00 00 00 00 00 00 00 00 00 00 00 00 00 00 00  ................
[ 2975.040219] 00000060: 00 00 00 00 00 00 00 00 00 00 00 00 00 00 00 00  ................
[ 2975.040222] 00000070: 00 00 00 00 00 00 00 00 00 00 00 00 00 00 00 00  ................
[ 2975.040225] 00000080: 00 00 00 00 00 00 00 00 00 00 00 00 00 00 00 00  ................
[ 2975.040229] 00000090: 00 00 00 00 00 00 00 00 00 00 00 00 00 00 00 00  ................
[ 2975.040232] 000000a0: 00 00 00 00 00 00 00 00 00 00 00 00 00 00 00 00  ................
[ 2975.040235] 000000b0: 00 00 00 00 00 00 00 00 00 00 00 00 00 00 00 00  ................
[ 2975.040239] 000000c0: 00 00 00 00 00 00 00 00 00 00 00 00 00 00 00 00  ................
[ 2975.040242] 000000d0: 00 00 00 00 00 00 00 00 00 00 00 00 00 00 00 00  ................
[ 2975.040245] 000000e0: 00 00 00 00 00 00 00 00 00 00 00 00 00 00 00 00  ................
[ 2975.040249] 000000f0: 00 00 00 00 00 00 00 00 00 00 00 00 00 00 00 00  ................
[ 2975.040252] 00000100: 00 00 00 00 00 00 00 00 00 00 00 00 00 00 00 00  ................
[ 2975.040256] 00000110: 00 00 00 00 00 00 00 00 00 00 00 00 00 00 00 00  ................
[ 2975.040259] 00000120: 00 00 00 00 00 00 00 00 00 00 00 00 00 00 00 00  ................
[ 2975.040262] 00000130: 00 00 00 00 00 00 00 00 00 00 00 00 00 00 00 00  ................
[ 2975.040266] 00000140: 00 00 00 00 00 00 00 00 00 00 00 00 00 00 00 00  ................
[ 2975.040269] 00000150: 00 00                                            ..
[ 2975.040276] brcmfmac: brcmf_sdiod_recv_pkt addr = 0x18000000, size = 64
[ 2975.040290] brcmfmac: brcmf_sdio_bus_rxctl resumed on rxctl frame, got 326 expected 326
[ 2975.040305] brcmfmac: brcmf_fil_cmd_data Firmware error: BCME_UNSUPPORTED (-23)
[ 2975.040307] brcmutil: RxHdr:
[ 2975.040310] 00000000: 00 00 00 00 00 00 00 00 00 00 00 00              ............
[ 2975.040311] brcmfmac: brcmf_fil_iovar_data_get ifidx=0, name=tdls_sta_info, len=296, err=-52
[ 2975.040314] brcmfmac: brcmf_sdio_readframes processed 1 frames
[ 2975.040316] brcmutil: data
[ 2975.040318] 00000000: f0 72 ea 4c c7 a5 00 00 00 00 00 00 00 00 00 00  .r.L............
[ 2975.040322] 00000010: 00 00 00 00 00 00 00 00 00 00 00 00 00 00 00 00  ................
[ 2975.040325] 00000020: 00 00 00 00 00 00 00 00 00 00 00 00 00 00 00 00  ................
[ 2975.040329] 00000030: 00 00 00 00 00 00 00 00 00 00 00 00 00 00 00 00  ................
[ 2975.040334] brcmfmac: brcmf_proto_bcdc_query_dcmd Enter, cmd 262 len 305
[ 2975.040338] brcmfmac: brcmf_proto_bcdc_msg Enter
[ 2975.040342] brcmfmac: brcmf_sdio_bus_txctl Enter
[ 2975.040351] brcmfmac: brcmf_sdio_dpc Enter
[ 2975.040355] brcmfmac: brcmf_sdio_bus_sleep Enter: request WAKE currently WAKE
[ 2975.040359] brcmfmac: brcmf_sdio_clkctl Enter
[ 2975.040362] brcmfmac: brcmf_sdio_bus_sleep new state WAKE
[ 2975.040365] brcmfmac: brcmf_sdio_bus_sleep Exit: err=0
[ 2975.040386] brcmfmac: brcmf_sdio_tx_ctrlframe Enter
[ 2975.040391] brcmutil: Tx Frame:
[ 2975.040394] 00000000: 58 01 a7 fe 51 01 00 01 00 00 03 00 91 00 00 14  X...Q...........
[ 2975.040398] 00000010: 00 00 00 00 06 01 00 00 31 01 00 00 00 00 36 0a  ........1.....6.
[ 2975.040401] 00000020: 00 00 00 00 73 74 61 5f 69 6e 66 6f 00 f0 72 ea  ....sta_info..r.
[ 2975.040404] 00000030: 4c c7 a5 00 00 00 00 00 00 00 00 00 00 00 00 00  L...............
[ 2975.040408] 00000040: 00 00 00 00 00 00 00 00 00 00 00 00 00 00 00 00  ................
[ 2975.040412] 00000050: 00 00 00 00 00 00 00 00 00 00 00 00 00 00 00 00  ................
[ 2975.040415] 00000060: 00 00 00 00 00 00 00 00 00 00 00 00 00 00 00 00  ................
[ 2975.040418] 00000070: 00 00 00 00 00 00 00 00 00 00 00 00 00 00 00 00  ................
[ 2975.040422] 00000080: 00 00 00 00 00 00 00 00 00 00 00 00 00 00 00 00  ................
[ 2975.040425] 00000090: 00 00 00 00 00 00 00 00 00 00 00 00 00 00 00 00  ................
[ 2975.040429] 000000a0: 00 00 00 00 00 00 00 00 00 00 00 00 00 00 00 00  ................
[ 2975.040432] 000000b0: 00 00 00 00 00 00 00 00 00 00 00 00 00 00 00 00  ................
[ 2975.040436] 000000c0: 00 00 00 00 00 00 00 00 00 00 00 00 00 00 00 00  ................
[ 2975.040440] 000000d0: 00 00 00 00 00 00 00 00 00 00 00 00 00 00 00 00  ................
[ 2975.040443] 000000e0: 00 00 00 00 00 00 00 00 00 00 00 00 00 00 00 00  ................
[ 2975.040446] 000000f0: 00 00 00 00 00 00 00 00 00 00 00 00 00 00 00 00  ................
[ 2975.040449] 00000100: 00 00 00 00 00 00 00 00 00 00 00 00 00 00 00 00  ................
[ 2975.040453] 00000110: 00 00 00 00 00 00 00 00 00 00 00 00 00 00 00 00  ................
[ 2975.040456] 00000120: 00 00 00 00 00 00 00 00 00 00 00 00 00 00 00 00  ................
[ 2975.040459] 00000130: 00 00 00 00 00 00 00 00 00 00 00 00 00 00 00 00  ................
[ 2975.040463] 00000140: 00 00 00 00 00 00 00 00 00 00 00 00 00 00 00 00  ................
[ 2975.040466] 00000150: 00 00 00 00 00 00 00 00                          ........
[ 2975.040528] brcmfmac: brcmf_sdio_bus_txctl ctrl_frame complete, err=0
[ 2975.040533] brcmfmac: brcmf_proto_bcdc_cmplt Enter
[ 2975.040536] brcmfmac: brcmf_sdio_bus_rxctl Enter
[ 2975.040710] brcmfmac: brcmf_sdiod_ib_irqhandler IB intr triggered
[ 2975.040714] brcmfmac: brcmf_sdio_isr Enter
[ 2975.040772] brcmfmac: brcmf_sdio_dpc Enter
[ 2975.040777] brcmfmac: brcmf_sdio_bus_sleep Enter: request WAKE currently WAKE
[ 2975.040781] brcmfmac: brcmf_sdio_clkctl Enter
[ 2975.040784] brcmfmac: brcmf_sdio_bus_sleep new state WAKE
[ 2975.040788] brcmfmac: brcmf_sdio_bus_sleep Exit: err=0
[ 2975.040792] brcmfmac: brcmf_sdio_readframes Enter
[ 2975.040797] brcmfmac: brcmf_sdiod_recv_pkt addr = 0x18000000, size = 64
[ 2975.040827] brcmutil: RxHdr:
[ 2975.040831] 00000000: 4d 01 b2 fe 4e 00 00 0c 00 ba 00 00              M...N.......
[ 2975.040835] brcmfmac: brcmf_sdio_read_control Enter
[ 2975.040862] brcmfmac: brcmf_sdiod_recv_pkt addr = 0x18000000, size = 272
[ 2975.040906] brcmutil: RxCtrl:
[ 2975.040910] 00000000: 4d 01 b2 fe 4e 00 00 0c 00 ba 00 00 06 01 00 00  M...N...........
[ 2975.040914] 00000010: 31 01 00 00 00 00 36 0a 00 00 00 00 04 00 c8 00  1.....6.........
[ 2975.040917] 00000020: 00 00 00 00 3a e0 10 00 00 00 00 00 f0 72 ea 4c  ....:........r.L
[ 2975.040920] 00000030: c7 a5 00 00 08 00 00 00 0c 12 18 24 30 48 60 6c  ...........$0H`l
[ 2975.040924] 00000040: 00 00 00 00 00 00 00 00 57 0a 00 00 00 00 00 00  ........W.......
[ 2975.040927] 00000050: 83 c6 02 00 06 00 00 00 6e 68 00 00 00 00 00 00  ........nh......
[ 2975.040931] 00000060: 18 5b 05 00 b5 9c 06 00 68 68 00 00 00 00 00 00  .[......hh......
[ 2975.040934] 00000070: 83 c6 02 00 6e 68 00 00 00 00 00 00 d8 69 43 10  ....nh.......iC.
[ 2975.040937] 00000080: 00 00 00 00 88 6b 43 00 00 00 00 00 d8 69 43 10  .....kC......iC.
[ 2975.040941] 00000090: 00 00 00 00 00 00 00 00 00 00 00 00 88 6b 43 00  .............kC.
[ 2975.040944] 000000a0: 00 00 00 00 00 00 00 00 00 00 00 00 cf 00 00 00  ................
[ 2975.040948] 000000b0: 00 00 00 00 00 00 ef 01 7b 00 00 00 00 00 00 00  ........{.......
[ 2975.040951] 000000c0: 06 00 00 00 00 00 00 00 76 c6 02 00 ae 1e 00 00  ........v.......
[ 2975.040954] 000000d0: 01 01 00 00 0b 00 00 00 00 00 00 00 52 01 00 00  ............R...
[ 2975.040958] 000000e0: 8c ad 02 00 00 00 00 00 00 00 00 00 00 00 00 00  ................
[ 2975.040961] 000000f0: 00 00 00 00 00 00 00 00 00 00 00 00 00 00 00 00  ................
[ 2975.040965] 00000100: 00 00 00 00 00 00 00 00 00 00 00 00 00 00 00 00  ................
[ 2975.040968] 00000110: 00 00 00 00 00 00 00 00 00 00 00 00 00 00 00 00  ................
[ 2975.040972] 00000120: 00 00 00 00 00 00 00 00 00 00 00 00 00 00 00 00  ................
[ 2975.040975] 00000130: 00 00 00 00 00 00 00 00 00 00 00 00 00 00 00 00  ................
[ 2975.040979] 00000140: 00 00 00 00 00 00 00 00 00 00 00 00 00           .............
[ 2975.040985] brcmfmac: brcmf_sdiod_recv_pkt addr = 0x18000000, size = 64
[ 2975.040996] brcmfmac: brcmf_sdio_bus_rxctl resumed on rxctl frame, got 321 expected 321
[ 2975.041014] brcmfmac: brcmf_fil_iovar_data_get ifidx=0, name=sta_info, len=296, err=0
[ 2975.041016] brcmutil: RxHdr:
[ 2975.041019] brcmutil: data
[ 2975.041020] 00000000: 00 00 00 00 00 00 00 00 00 00 00 00              ............
[ 2975.041022] 00000000: 04 00 c8 00 00 00 00 00 3a e0 10 00 00 00 00 00  ........:.......
[ 2975.041024] brcmfmac: brcmf_sdio_readframes processed 1 frames
[ 2975.041026] 00000010: f0 72 ea 4c c7 a5 00 00 08 00 00 00 0c 12 18 24  .r.L...........$
[ 2975.041029] 00000020: 30 48 60 6c 00 00 00 00 00 00 00 00 57 0a 00 00  0H`l........W...
[ 2975.041032] 00000030: 00 00 00 00 83 c6 02 00 06 00 00 00 6e 68 00 00  ............nh..
[ 2975.041036] brcmfmac: brcmf_cfg80211_get_station version 4
[ 2975.041040] brcmfmac: brcmf_convert_sta_flags flags 0010e03a
[ 2975.041049] brcmfmac: brcmf_proto_bcdc_query_dcmd Enter, cmd 136 len 2048
[ 2975.041053] brcmfmac: brcmf_proto_bcdc_msg Enter
[ 2975.041058] brcmfmac: brcmf_sdio_bus_txctl Enter
[ 2975.041068] brcmfmac: brcmf_sdio_dpc Enter
[ 2975.041072] brcmfmac: brcmf_sdio_bus_sleep Enter: request WAKE currently WAKE
[ 2975.041076] brcmfmac: brcmf_sdio_clkctl Enter
[ 2975.041079] brcmfmac: brcmf_sdio_bus_sleep new state WAKE
[ 2975.041082] brcmfmac: brcmf_sdio_bus_sleep Exit: err=0
[ 2975.041104] brcmfmac: brcmf_sdio_tx_ctrlframe Enter
[ 2975.041108] brcmutil: Tx Frame:
[ 2975.041111] 00000000: 00 08 ff f7 fe 05 00 01 00 00 fe 01 92 00 00 14  ................
[ 2975.041114] 00000010: 00 00 00 00 88 00 00 00 00 08 00 00 00 00 37 0a  ..............7.
[ 2975.041118] 00000020: 00 00 00 00 00 08 00 00 00 00 00 00 00 00 00 00  ................
[ 2975.041122] 00000030: 00 00 00 00 00 00 00 00 00 00 00 00 00 00 00 00  ................
[ 2975.041125] 00000040: 00 00 00 00 00 00 00 00 00 00 00 00 00 00 00 00  ................
[ 2975.041129] 00000050: 00 00 00 00 00 00 00 00 00 00 00 00 00 00 00 00  ................
[ 2975.041132] 00000060: 00 00 00 00 00 00 00 00 00 00 00 00 00 00 00 00  ................
[ 2975.041135] 00000070: 00 00 00 00 00 00 00 00 00 00 00 00 00 00 00 00  ................
[ 2975.041139] 00000080: 00 00 00 00 00 00 00 00 00 00 00 00 00 00 00 00  ................
[ 2975.041142] 00000090: 00 00 00 00 00 00 00 00 00 00 00 00 00 00 00 00  ................
[ 2975.041146] 000000a0: 00 00 00 00 00 00 00 00 00 00 00 00 00 00 00 00  ................
[ 2975.041149] 000000b0: 00 00 00 00 00 00 00 00 00 00 00 00 00 00 00 00  ................
[ 2975.041153] 000000c0: 00 00 00 00 00 00 00 00 00 00 00 00 00 00 00 00  ................
[ 2975.041156] 000000d0: 00 00 00 00 00 00 00 00 00 00 00 00 00 00 00 00  ................
[ 2975.041159] 000000e0: 00 00 00 00 00 00 00 00 00 00 00 00 00 00 00 00  ................
[ 2975.041163] 000000f0: 00 00 00 00 00 00 00 00 00 00 00 00 00 00 00 00  ................
[ 2975.041166] 00000100: 00 00 00 00 00 00 00 00 00 00 00 00 00 00 00 00  ................
[ 2975.041169] 00000110: 00 00 00 00 00 00 00 00 00 00 00 00 00 00 00 00  ................
[ 2975.041173] 00000120: 00 00 00 00 00 00 00 00 00 00 00 00 00 00 00 00  ................
[ 2975.041176] 00000130: 00 00 00 00 00 00 00 00 00 00 00 00 00 00 00 00  ................
[ 2975.041180] 00000140: 00 00 00 00 00 00 00 00 00 00 00 00 00 00 00 00  ................
[ 2975.041183] 00000150: 00 00 00 00 00 00 00 00 00 00 00 00 00 00 00 00  ................
[ 2975.041186] 00000160: 00 00 00 00 00 00 00 00 00 00 00 00 00 00 00 00  ................
[ 2975.041190] 00000170: 00 00 00 00 00 00 00 00 00 00 00 00 00 00 00 00  ................
[ 2975.041193] 00000180: 00 00 00 00 00 00 00 00 00 00 00 00 00 00 00 00  ................
[ 2975.041196] 00000190: 00 00 00 00 00 00 00 00 00 00 00 00 00 00 00 00  ................
[ 2975.041199] 000001a0: 00 00 00 00 00 00 00 00 00 00 00 00 00 00 00 00  ................
[ 2975.041202] 000001b0: 00 00 00 00 00 00 00 00 00 00 00 00 00 00 00 00  ................
[ 2975.041206] 000001c0: 00 00 00 00 00 00 00 00 00 00 00 00 00 00 00 00  ................
[ 2975.041209] 000001d0: 00 00 00 00 00 00 00 00 00 00 00 00 00 00 00 00  ................
[ 2975.041212] 000001e0: 00 00 00 00 00 00 00 00 00 00 00 00 00 00 00 00  ................
[ 2975.041216] 000001f0: 00 00 00 00 00 00 00 00 00 00 00 00 00 00 00 00  ................
[ 2975.041219] 00000200: 00 00 00 00 00 00 00 00 00 00 00 00 00 00 00 00  ................
[ 2975.041222] 00000210: 00 00 00 00 00 00 00 00 00 00 00 00 00 00 00 00  ................
[ 2975.041226] 00000220: 00 00 00 00 00 00 00 00 00 00 00 00 00 00 00 00  ................
[ 2975.041229] 00000230: 00 00 00 00 00 00 00 00 00 00 00 00 00 00 00 00  ................
[ 2975.041233] 00000240: 00 00 00 00 00 00 00 00 00 00 00 00 00 00 00 00  ................
[ 2975.041236] 00000250: 00 00 00 00 00 00 00 00 00 00 00 00 00 00 00 00  ................
[ 2975.041239] 00000260: 00 00 00 00 00 00 00 00 00 00 00 00 00 00 00 00  ................
[ 2975.041243] 00000270: 00 00 00 00 00 00 00 00 00 00 00 00 00 00 00 00  ................
[ 2975.041246] 00000280: 00 00 00 00 00 00 00 00 00 00 00 00 00 00 00 00  ................
[ 2975.041249] 00000290: 00 00 00 00 00 00 00 00 00 00 00 00 00 00 00 00  ................
[ 2975.041253] 000002a0: 00 00 00 00 00 00 00 00 00 00 00 00 00 00 00 00  ................
[ 2975.041256] 000002b0: 00 00 00 00 00 00 00 00 00 00 00 00 00 00 00 00  ................
[ 2975.041259] 000002c0: 00 00 00 00 00 00 00 00 00 00 00 00 00 00 00 00  ................
[ 2975.041263] 000002d0: 00 00 00 00 00 00 00 00 00 00 00 00 00 00 00 00  ................
[ 2975.041266] 000002e0: 00 00 00 00 00 00 00 00 00 00 00 00 00 00 00 00  ................
[ 2975.041269] 000002f0: 00 00 00 00 00 00 00 00 00 00 00 00 00 00 00 00  ................
[ 2975.041272] 00000300: 00 00 00 00 00 00 00 00 00 00 00 00 00 00 00 00  ................
[ 2975.041276] 00000310: 00 00 00 00 00 00 00 00 00 00 00 00 00 00 00 00  ................
[ 2975.041279] 00000320: 00 00 00 00 00 00 00 00 00 00 00 00 00 00 00 00  ................
[ 2975.041282] 00000330: 00 00 00 00 00 00 00 00 00 00 00 00 00 00 00 00  ................
[ 2975.041285] 00000340: 00 00 00 00 00 00 00 00 00 00 00 00 00 00 00 00  ................
[ 2975.041289] 00000350: 00 00 00 00 00 00 00 00 00 00 00 00 00 00 00 00  ................
[ 2975.041292] 00000360: 00 00 00 00 00 00 00 00 00 00 00 00 00 00 00 00  ................
[ 2975.041295] 00000370: 00 00 00 00 00 00 00 00 00 00 00 00 00 00 00 00  ................
[ 2975.041298] 00000380: 00 00 00 00 00 00 00 00 00 00 00 00 00 00 00 00  ................
[ 2975.041302] 00000390: 00 00 00 00 00 00 00 00 00 00 00 00 00 00 00 00  ................
[ 2975.041306] 000003a0: 00 00 00 00 00 00 00 00 00 00 00 00 00 00 00 00  ................
[ 2975.041309] 000003b0: 00 00 00 00 00 00 00 00 00 00 00 00 00 00 00 00  ................
[ 2975.041313] 000003c0: 00 00 00 00 00 00 00 00 00 00 00 00 00 00 00 00  ................
[ 2975.041316] 000003d0: 00 00 00 00 00 00 00 00 00 00 00 00 00 00 00 00  ................
[ 2975.041319] 000003e0: 00 00 00 00 00 00 00 00 00 00 00 00 00 00 00 00  ................
[ 2975.041323] 000003f0: 00 00 00 00 00 00 00 00 00 00 00 00 00 00 00 00  ................
[ 2975.041326] 00000400: 00 00 00 00 00 00 00 00 00 00 00 00 00 00 00 00  ................
[ 2975.041329] 00000410: 00 00 00 00 00 00 00 00 00 00 00 00 00 00 00 00  ................
[ 2975.041333] 00000420: 00 00 00 00 00 00 00 00 00 00 00 00 00 00 00 00  ................
[ 2975.041336] 00000430: 00 00 00 00 00 00 00 00 00 00 00 00 00 00 00 00  ................
[ 2975.041339] 00000440: 00 00 00 00 00 00 00 00 00 00 00 00 00 00 00 00  ................
[ 2975.041342] 00000450: 00 00 00 00 00 00 00 00 00 00 00 00 00 00 00 00  ................
[ 2975.041346] 00000460: 00 00 00 00 00 00 00 00 00 00 00 00 00 00 00 00  ................
[ 2975.041349] 00000470: 00 00 00 00 00 00 00 00 00 00 00 00 00 00 00 00  ................
[ 2975.041352] 00000480: 00 00 00 00 00 00 00 00 00 00 00 00 00 00 00 00  ................
[ 2975.041355] 00000490: 00 00 00 00 00 00 00 00 00 00 00 00 00 00 00 00  ................
[ 2975.041359] 000004a0: 00 00 00 00 00 00 00 00 00 00 00 00 00 00 00 00  ................
[ 2975.041362] 000004b0: 00 00 00 00 00 00 00 00 00 00 00 00 00 00 00 00  ................
[ 2975.041365] 000004c0: 00 00 00 00 00 00 00 00 00 00 00 00 00 00 00 00  ................
[ 2975.041369] 000004d0: 00 00 00 00 00 00 00 00 00 00 00 00 00 00 00 00  ................
[ 2975.041372] 000004e0: 00 00 00 00 00 00 00 00 00 00 00 00 00 00 00 00  ................
[ 2975.041375] 000004f0: 00 00 00 00 00 00 00 00 00 00 00 00 00 00 00 00  ................
[ 2975.041378] 00000500: 00 00 00 00 00 00 00 00 00 00 00 00 00 00 00 00  ................
[ 2975.041382] 00000510: 00 00 00 00 00 00 00 00 00 00 00 00 00 00 00 00  ................
[ 2975.041385] 00000520: 00 00 00 00 00 00 00 00 00 00 00 00 00 00 00 00  ................
[ 2975.041388] 00000530: 00 00 00 00 00 00 00 00 00 00 00 00 00 00 00 00  ................
[ 2975.041392] 00000540: 00 00 00 00 00 00 00 00 00 00 00 00 00 00 00 00  ................
[ 2975.041395] 00000550: 00 00 00 00 00 00 00 00 00 00 00 00 00 00 00 00  ................
[ 2975.041398] 00000560: 00 00 00 00 00 00 00 00 00 00 00 00 00 00 00 00  ................
[ 2975.041401] 00000570: 00 00 00 00 00 00 00 00 00 00 00 00 00 00 00 00  ................
[ 2975.041405] 00000580: 00 00 00 00 00 00 00 00 00 00 00 00 00 00 00 00  ................
[ 2975.041408] 00000590: 00 00 00 00 00 00 00 00 00 00 00 00 00 00 00 00  ................
[ 2975.041411] 000005a0: 00 00 00 00 00 00 00 00 00 00 00 00 00 00 00 00  ................
[ 2975.041414] 000005b0: 00 00 00 00 00 00 00 00 00 00 00 00 00 00 00 00  ................
[ 2975.041418] 000005c0: 00 00 00 00 00 00 00 00 00 00 00 00 00 00 00 00  ................
[ 2975.041421] 000005d0: 00 00 00 00 00 00 00 00 00 00 00 00 00 00 00 00  ................
[ 2975.041425] 000005e0: 00 00 00 00 00 00 00 00 00 00 00 00 00 00 00 00  ................
[ 2975.041428] 000005f0: 00 00 00 00 00 00 00 00 00 00 00 00 00 00 00 00  ................
[ 2975.041431] 00000600: 00 00 00 00 00 00 00 00 00 00 00 00 00 00 00 00  ................
[ 2975.041434] 00000610: 00 00 00 00 00 00 00 00 00 00 00 00 00 00 00 00  ................
[ 2975.041438] 00000620: 00 00 00 00 00 00 00 00 00 00 00 00 00 00 00 00  ................
[ 2975.041441] 00000630: 00 00 00 00 00 00 00 00 00 00 00 00 00 00 00 00  ................
[ 2975.041444] 00000640: 00 00 00 00 00 00 00 00 00 00 00 00 00 00 00 00  ................
[ 2975.041447] 00000650: 00 00 00 00 00 00 00 00 00 00 00 00 00 00 00 00  ................
[ 2975.041450] 00000660: 00 00 00 00 00 00 00 00 00 00 00 00 00 00 00 00  ................
[ 2975.041453] 00000670: 00 00 00 00 00 00 00 00 00 00 00 00 00 00 00 00  ................
[ 2975.041457] 00000680: 00 00 00 00 00 00 00 00 00 00 00 00 00 00 00 00  ................
[ 2975.041460] 00000690: 00 00 00 00 00 00 00 00 00 00 00 00 00 00 00 00  ................
[ 2975.041463] 000006a0: 00 00 00 00 00 00 00 00 00 00 00 00 00 00 00 00  ................
[ 2975.041466] 000006b0: 00 00 00 00 00 00 00 00 00 00 00 00 00 00 00 00  ................
[ 2975.041470] 000006c0: 00 00 00 00 00 00 00 00 00 00 00 00 00 00 00 00  ................
[ 2975.041473] 000006d0: 00 00 00 00 00 00 00 00 00 00 00 00 00 00 00 00  ................
[ 2975.041476] 000006e0: 00 00 00 00 00 00 00 00 00 00 00 00 00 00 00 00  ................
[ 2975.041480] 000006f0: 00 00 00 00 00 00 00 00 00 00 00 00 00 00 00 00  ................
[ 2975.041483] 00000700: 00 00 00 00 00 00 00 00 00 00 00 00 00 00 00 00  ................
[ 2975.041487] 00000710: 00 00 00 00 00 00 00 00 00 00 00 00 00 00 00 00  ................
[ 2975.041491] 00000720: 00 00 00 00 00 00 00 00 00 00 00 00 00 00 00 00  ................
[ 2975.041494] 00000730: 00 00 00 00 00 00 00 00 00 00 00 00 00 00 00 00  ................
[ 2975.041497] 00000740: 00 00 00 00 00 00 00 00 00 00 00 00 00 00 00 00  ................
[ 2975.041500] 00000750: 00 00 00 00 00 00 00 00 00 00 00 00 00 00 00 00  ................
[ 2975.041503] 00000760: 00 00 00 00 00 00 00 00 00 00 00 00 00 00 00 00  ................
[ 2975.041507] 00000770: 00 00 00 00 00 00 00 00 00 00 00 00 00 00 00 00  ................
[ 2975.041510] 00000780: 00 00 00 00 00 00 00 00 00 00 00 00 00 00 00 00  ................
[ 2975.041513] 00000790: 00 00 00 00 00 00 00 00 00 00 00 00 00 00 00 00  ................
[ 2975.041517] 000007a0: 00 00 00 00 00 00 00 00 00 00 00 00 00 00 00 00  ................
[ 2975.041520] 000007b0: 00 00 00 00 00 00 00 00 00 00 00 00 00 00 00 00  ................
[ 2975.041524] 000007c0: 00 00 00 00 00 00 00 00 00 00 00 00 00 00 00 00  ................
[ 2975.041527] 000007d0: 00 00 00 00 00 00 00 00 00 00 00 00 00 00 00 00  ................
[ 2975.041530] 000007e0: 00 00 00 00 00 00 00 00 00 00 00 00 00 00 00 00  ................
[ 2975.041533] 000007f0: 00 00 00 00 00 00 00 00 00 00 00 00 00 00 00 00  ................
[ 2975.041787] brcmfmac: brcmf_sdio_bus_txctl ctrl_frame complete, err=0
[ 2975.041800] brcmfmac: brcmf_proto_bcdc_cmplt Enter
[ 2975.041803] brcmfmac: brcmf_sdio_bus_rxctl Enter
[ 2975.041891] brcmfmac: brcmf_sdiod_ib_irqhandler IB intr triggered
[ 2975.041897] brcmfmac: brcmf_sdio_isr Enter
[ 2975.041961] brcmfmac: brcmf_sdio_dpc Enter
[ 2975.041968] brcmfmac: brcmf_sdio_bus_sleep Enter: request WAKE currently WAKE
[ 2975.041972] brcmfmac: brcmf_sdio_clkctl Enter
[ 2975.041976] brcmfmac: brcmf_sdio_bus_sleep new state WAKE
[ 2975.041980] brcmfmac: brcmf_sdio_bus_sleep Exit: err=0
[ 2975.041984] brcmfmac: brcmf_sdio_readframes Enter
[ 2975.041991] brcmfmac: brcmf_sdiod_recv_pkt addr = 0x18000000, size = 64
[ 2975.042024] brcmutil: RxHdr:
[ 2975.042028] 00000000: 1c 08 e3 f7 4f 00 00 0c 00 bb 00 00              ....O.......
[ 2975.042033] brcmfmac: brcmf_sdio_read_control Enter
[ 2975.042068] brcmfmac: brcmf_sdiod_recv_pkt addr = 0x18000000, size = 2048
[ 2975.042217] brcmutil: RxCtrl:
[ 2975.042222] 00000000: 1c 08 e3 f7 4f 00 00 0c 00 bb 00 00 88 00 00 00  ....O...........
[ 2975.042226] 00000010: 00 08 00 00 00 00 37 0a 00 00 00 00 5c 01 00 00  ......7.....\...
[ 2975.042230] 00000020: 6d 00 00 00 58 01 00 00 f0 72 ea 4c c7 a5 64 00  m...X....r.L..d.
[ 2975.042233] 00000030: 11 10 0c 44 61 63 68 73 68 75 6e 64 48 75 62 00  ...DachshundHub.
[ 2975.042237] 00000040: 00 00 00 00 00 00 00 00 00 00 00 00 00 00 00 00  ................
[ 2975.042240] 00000050: 00 00 00 00 08 00 00 00 8c 12 98 24 b0 48 60 6c  ...........$.H`l
[ 2975.042243] 00000060: 00 00 00 00 00 00 00 00 9b e0 00 00 02 00 cf ff  ................
[ 2975.042247] 00000070: b1 01 00 00 62 01 00 00 95 00 00 00 fa ff fa ff  ....b...........
[ 2975.042250] 00000080: 04 01 00 00 ff 00 00 00 00 00 00 00 00 00 00 00  ................
[ 2975.042254] 00000090: 00 00 00 00 80 00 00 00 d8 00 00 00 00 00 00 00  ................
[ 2975.042257] 000000a0: 00 0c 44 61 63 68 73 68 75 6e 64 48 75 62 01 08  ..DachshundHub..
[ 2975.042261] 000000b0: 8c 12 98 24 b0 48 60 6c 03 01 95 05 04 01 02 01  ...$.H`l........
[ 2975.042265] 000000c0: 00 07 12 41 55 20 24 04 17 34 04 14 64 05 1b 84  ...AU $..4..d...
[ 2975.042268] 000000d0: 04 1b 95 05 24 30 14 01 00 00 0f ac 04 01 00 00  ....$0..........
[ 2975.042272] 000000e0: 0f ac 04 01 00 00 0f ac 02 0c 00 46 05 72 00 00  ...........F.r..
[ 2975.042276] 000000f0: 00 00 3b 02 80 00 2d 1a ef 01 1b ff ff 00 00 00  ..;...-.........
[ 2975.042279] 00000100: 00 00 00 00 00 00 00 01 00 00 00 00 00 00 00 00  ................
[ 2975.042283] 00000110: 00 00 3d 16 95 05 06 00 00 00 00 00 00 00 00 00  ..=.............
[ 2975.042286] 00000120: 00 00 00 00 00 00 00 00 00 00 7f 09 04 00 08 02  ................
[ 2975.042290] 00000130: 00 00 00 40 40 bf 0c b2 39 81 33 fa ff 00 00 fa  ...@@...9.3.....
[ 2975.042293] 00000140: ff 00 00 c0 05 01 9b 00 fc ff c3 04 02 48 48 48  .............HHH
[ 2975.042296] 00000150: dd 18 00 50 f2 02 01 01 00 00 03 a4 00 00 27 a4  ...P..........'.
[ 2975.042300] 00000160: 00 00 42 43 5e 00 62 32 2f 00 dd 0c f4 f5 e8 05  ..BC^.b2/.......
[ 2975.042303] 00000170: 06 01 00 00 00 00 00 13 00 00 00 00 00 00 00 00  ................
[ 2975.042306] 00000180: 00 00 00 00 00 00 00 00 00 00 00 00 00 00 00 00  ................
[ 2975.042310] 00000190: 00 00 00 00 00 00 00 00 00 00 00 00 00 00 00 00  ................
[ 2975.042313] 000001a0: 00 00 00 00 00 00 00 00 00 00 00 00 00 00 00 00  ................
[ 2975.042317] 000001b0: 00 00 00 00 00 00 00 00 00 00 00 00 00 00 00 00  ................
[ 2975.042320] 000001c0: 00 00 00 00 00 00 00 00 00 00 00 00 00 00 00 00  ................
[ 2975.042323] 000001d0: 00 00 00 00 00 00 00 00 00 00 00 00 00 00 00 00  ................
[ 2975.042327] 000001e0: 00 00 00 00 00 00 00 00 00 00 00 00 00 00 00 00  ................
[ 2975.042330] 000001f0: 00 00 00 00 00 00 00 00 00 00 00 00 00 00 00 00  ................
[ 2975.042333] 00000200: 00 00 00 00 00 00 00 00 00 00 00 00 00 00 00 00  ................
[ 2975.042336] 00000210: 00 00 00 00 00 00 00 00 00 00 00 00 00 00 00 00  ................
[ 2975.042339] 00000220: 00 00 00 00 00 00 00 00 00 00 00 00 00 00 00 00  ................
[ 2975.042343] 00000230: 00 00 00 00 00 00 00 00 00 00 00 00 00 00 00 00  ................
[ 2975.042347] 00000240: 00 00 00 00 00 00 00 00 00 00 00 00 00 00 00 00  ................
[ 2975.042350] 00000250: 00 00 00 00 00 00 00 00 00 00 00 00 00 00 00 00  ................
[ 2975.042354] 00000260: 00 00 00 00 00 00 00 00 00 00 00 00 00 00 00 00  ................
[ 2975.042357] 00000270: 00 00 00 00 00 00 00 00 00 00 00 00 00 00 00 00  ................
[ 2975.042361] 00000280: 00 00 00 00 00 00 00 00 00 00 00 00 00 00 00 00  ................
[ 2975.042364] 00000290: 00 00 00 00 00 00 00 00 00 00 00 00 00 00 00 00  ................
[ 2975.042367] 000002a0: 00 00 00 00 00 00 00 00 00 00 00 00 00 00 00 00  ................
[ 2975.042371] 000002b0: 00 00 00 00 00 00 00 00 00 00 00 00 00 00 00 00  ................
[ 2975.042374] 000002c0: 00 00 00 00 00 00 00 00 00 00 00 00 00 00 00 00  ................
[ 2975.042377] 000002d0: 00 00 00 00 00 00 00 00 00 00 00 00 00 00 00 00  ................
[ 2975.042381] 000002e0: 00 00 00 00 00 00 00 00 00 00 00 00 00 00 00 00  ................
[ 2975.042384] 000002f0: 00 00 00 00 00 00 00 00 00 00 00 00 00 00 00 00  ................
[ 2975.042387] 00000300: 00 00 00 00 00 00 00 00 00 00 00 00 00 00 00 00  ................
[ 2975.042390] 00000310: 00 00 00 00 00 00 00 00 00 00 00 00 00 00 00 00  ................
[ 2975.042393] 00000320: 00 00 00 00 00 00 00 00 00 00 00 00 00 00 00 00  ................
[ 2975.042397] 00000330: 00 00 00 00 00 00 00 00 00 00 00 00 00 00 00 00  ................
[ 2975.042400] 00000340: 00 00 00 00 00 00 00 00 00 00 00 00 00 00 00 00  ................
[ 2975.042403] 00000350: 00 00 00 00 00 00 00 00 00 00 00 00 00 00 00 00  ................
[ 2975.042407] 00000360: 00 00 00 00 00 00 00 00 00 00 00 00 00 00 00 00  ................
[ 2975.042410] 00000370: 00 00 00 00 00 00 00 00 00 00 00 00 00 00 00 00  ................
[ 2975.042413] 00000380: 00 00 00 00 00 00 00 00 00 00 00 00 00 00 00 00  ................
[ 2975.042416] 00000390: 00 00 00 00 00 00 00 00 00 00 00 00 00 00 00 00  ................
[ 2975.042420] 000003a0: 00 00 00 00 00 00 00 00 00 00 00 00 00 00 00 00  ................
[ 2975.042424] 000003b0: 00 00 00 00 00 00 00 00 00 00 00 00 00 00 00 00  ................
[ 2975.042427] 000003c0: 00 00 00 00 00 00 00 00 00 00 00 00 00 00 00 00  ................
[ 2975.042430] 000003d0: 00 00 00 00 00 00 00 00 00 00 00 00 00 00 00 00  ................
[ 2975.042434] 000003e0: 00 00 00 00 00 00 00 00 00 00 00 00 00 00 00 00  ................
[ 2975.042437] 000003f0: 00 00 00 00 00 00 00 00 00 00 00 00 00 00 00 00  ................
[ 2975.042441] 00000400: 00 00 00 00 00 00 00 00 00 00 00 00 00 00 00 00  ................
[ 2975.042444] 00000410: 00 00 00 00 00 00 00 00 00 00 00 00 00 00 00 00  ................
[ 2975.042447] 00000420: 00 00 00 00 00 00 00 00 00 00 00 00 00 00 00 00  ................
[ 2975.042451] 00000430: 00 00 00 00 00 00 00 00 00 00 00 00 00 00 00 00  ................
[ 2975.042454] 00000440: 00 00 00 00 00 00 00 00 00 00 00 00 00 00 00 00  ................
[ 2975.042458] 00000450: 00 00 00 00 00 00 00 00 00 00 00 00 00 00 00 00  ................
[ 2975.042461] 00000460: 00 00 00 00 00 00 00 00 00 00 00 00 00 00 00 00  ................
[ 2975.042464] 00000470: 00 00 00 00 00 00 00 00 00 00 00 00 00 00 00 00  ................
[ 2975.042468] 00000480: 00 00 00 00 00 00 00 00 00 00 00 00 00 00 00 00  ................
[ 2975.042472] 00000490: 00 00 00 00 00 00 00 00 00 00 00 00 00 00 00 00  ................
[ 2975.042476] 000004a0: 00 00 00 00 00 00 00 00 00 00 00 00 00 00 00 00  ................
[ 2975.042479] 000004b0: 00 00 00 00 00 00 00 00 00 00 00 00 00 00 00 00  ................
[ 2975.042483] 000004c0: 00 00 00 00 00 00 00 00 00 00 00 00 00 00 00 00  ................
[ 2975.042486] 000004d0: 00 00 00 00 00 00 00 00 00 00 00 00 00 00 00 00  ................
[ 2975.042490] 000004e0: 00 00 00 00 00 00 00 00 00 00 00 00 00 00 00 00  ................
[ 2975.042493] 000004f0: 00 00 00 00 00 00 00 00 00 00 00 00 00 00 00 00  ................
[ 2975.042496] 00000500: 00 00 00 00 00 00 00 00 00 00 00 00 00 00 00 00  ................
[ 2975.042500] 00000510: 00 00 00 00 00 00 00 00 00 00 00 00 00 00 00 00  ................
[ 2975.042503] 00000520: 00 00 00 00 00 00 00 00 00 00 00 00 00 00 00 00  ................
[ 2975.042506] 00000530: 00 00 00 00 00 00 00 00 00 00 00 00 00 00 00 00  ................
[ 2975.042510] 00000540: 00 00 00 00 00 00 00 00 00 00 00 00 00 00 00 00  ................
[ 2975.042513] 00000550: 00 00 00 00 00 00 00 00 00 00 00 00 00 00 00 00  ................
[ 2975.042517] 00000560: 00 00 00 00 00 00 00 00 00 00 00 00 00 00 00 00  ................
[ 2975.042520] 00000570: 00 00 00 00 00 00 00 00 00 00 00 00 00 00 00 00  ................
[ 2975.042523] 00000580: 00 00 00 00 00 00 00 00 00 00 00 00 00 00 00 00  ................
[ 2975.042527] 00000590: 00 00 00 00 00 00 00 00 00 00 00 00 00 00 00 00  ................
[ 2975.042530] 000005a0: 00 00 00 00 00 00 00 00 00 00 00 00 00 00 00 00  ................
[ 2975.042533] 000005b0: 00 00 00 00 00 00 00 00 00 00 00 00 00 00 00 00  ................
[ 2975.042537] 000005c0: 00 00 00 00 00 00 00 00 00 00 00 00 00 00 00 00  ................
[ 2975.042540] 000005d0: 00 00 00 00 00 00 00 00 00 00 00 00 00 00 00 00  ................
[ 2975.042543] 000005e0: 00 00 00 00 00 00 00 00 00 00 00 00 00 00 00 00  ................
[ 2975.042546] 000005f0: 00 00 00 00 00 00 00 00 00 00 00 00 00 00 00 00  ................
[ 2975.042550] 00000600: 00 00 00 00 00 00 00 00 00 00 00 00 00 00 00 00  ................
[ 2975.042553] 00000610: 00 00 00 00 00 00 00 00 00 00 00 00 00 00 00 00  ................
[ 2975.042556] 00000620: 00 00 00 00 00 00 00 00 00 00 00 00 00 00 00 00  ................
[ 2975.042560] 00000630: 00 00 00 00 00 00 00 00 00 00 00 00 00 00 00 00  ................
[ 2975.042563] 00000640: 00 00 00 00 00 00 00 00 00 00 00 00 00 00 00 00  ................
[ 2975.042566] 00000650: 00 00 00 00 00 00 00 00 00 00 00 00 00 00 00 00  ................
[ 2975.042569] 00000660: 00 00 00 00 00 00 00 00 00 00 00 00 00 00 00 00  ................
[ 2975.042573] 00000670: 00 00 00 00 00 00 00 00 00 00 00 00 00 00 00 00  ................
[ 2975.042576] 00000680: 00 00 00 00 00 00 00 00 00 00 00 00 00 00 00 00  ................
[ 2975.042580] 00000690: 00 00 00 00 1c 01 00 00 9c 6d 21 00 5d 00 00 00  .........m!.]...
[ 2975.042583] 000006a0: 64 67 61 1c 04 01 00 00 9c 6d 21 00 5d 00 00 00  dga......m!.]...
[ 2975.042586] 000006b0: 74 67 61 19 ef be ad de aa 00 00 00 00 00 00 00  tga.............
[ 2975.042590] 000006c0: 5c 00 00 00 8c 8c 00 48 5f 01 00 00 00 00 00 00  \......H_.......
[ 2975.042593] 000006d0: 00 00 00 00 d0 7d 21 00 00 00 00 00 fc 5f 2e 9b  .....}!......_..
[ 2975.042596] 000006e0: 00 00 00 00 00 00 00 00 00 00 00 00 00 00 00 00  ................
[ 2975.042600] 000006f0: 24 01 00 00 9c 6d 21 00 1c 01 00 00 9c 6d 21 00  $....m!......m!.
[ 2975.042603] 00000700: 5c 00 00 00 c8 67 61 1c ef be ad de 9a 00 07 00  \....ga.........
[ 2975.042606] 00000710: 00 00 00 00 00 00 00 00 84 80 00 00 00 00 00 10  ................
[ 2975.042610] 00000720: 00 00 00 00 00 00 00 00 d0 7d 21 00 00 00 00 00  .........}!.....
[ 2975.042613] 00000730: 67 98 31 9e 00 00 00 00 80 44 02 00 03 00 5f 01  g.1......D...._.
[ 2975.042616] 00000740: 05 09 00 00 47 80 10 00 03 00 06 00 80 34 02 00  ....G........4..
[ 2975.042620] 00000750: 03 00 ea 00 05 09 00 00 47 80 10 00 02 00 06 00  ........G.......
[ 2975.042623] 00000760: 80 24 02 00 03 00 af 00 25 0a 00 00 50 04 20 20  .$......%...P.  
[ 2975.042627] 00000770: 26 15 3f 14 00 00 00 00 00 00 00 00 00 00 00 00  &.?.............
[ 2975.042630] 00000780: 00 00 02 00 00 00 00 00 80 4a 00 00 9b e0 1a 00  .........J......
[ 2975.042633] 00000790: 1e 00 1b 6e 00 00 00 00 00 00 45 00 00 00 04 00  ...n......E.....
[ 2975.042637] 000007a0: c9 03 00 00 00 00 03 00 30 00 00 00 00 00 45 00  ........0.....E.
[ 2975.042640] 000007b0: 00 00 00 00 cb 03 00 00 00 00 03 00 58 00 00 00  ............X...
[ 2975.042644] 000007c0: 9c 6d 21 00 5c 00 00 00 8c 68 e1 03 ef be ad de  .m!.\....h......
[ 2975.042647] 000007d0: 10 00 00 00 00 00 00 00 00 00 00 00 00 00 00 00  ................
[ 2975.042650] 000007e0: 00 00 00 00 00 00 00 00 00 00 00 00 00 00 00 00  ................
[ 2975.042653] 000007f0: 00 00 00 00 00 00 00 00 00 00 00 00 10 00 ef ff  ................
[ 2975.042657] 00000800: 31 83 6e 0c 00 a3 00 00 08 06 d0 00 88 a2 9e 66  1.n............f
[ 2975.042661] 00000810: 59 10 f0 72 ea 4c c7 a5 00 00 07 00              Y..r.L......
[ 2975.042678] brcmfmac: brcmf_sdiod_recv_pkt addr = 0x18000000, size = 64
[ 2975.042703] brcmfmac: brcmf_sdio_bus_rxctl resumed on rxctl frame, got 2064 expected 2064
[ 2975.042733] brcmfmac: brcmf_fil_cmd_data_get ifidx=0, cmd=136, len=2048, err=0
[ 2975.042737] brcmutil: RxHdr:
[ 2975.042738] brcmutil: data
[ 2975.042741] 00000000: 5c 01 00 00 6d 00 00 00 58 01 00 00 f0 72 ea 4c  \...m...X....r.L
[ 2975.042742] 00000000: 00 00 00 00 00 00 00 00 00 00 00 00              ............
[ 2975.042746] 00000010: c7 a5 64 00 11 10 0c 44 61 63 68 73 68 75 6e 64  ..d....Dachshund
[ 2975.042746] brcmfmac: brcmf_sdio_readframes processed 1 frames
[ 2975.042750] 00000020: 48 75 62 00 00 00 00 00 00 00 00 00 00 00 00 00  Hub.............
[ 2975.042753] 00000030: 00 00 00 00 00 00 00 00 08 00 00 00 8c 12 98 24  ...............$
[ 2975.042761] brcmfmac: brcmf_proto_bcdc_query_dcmd Enter, cmd 127 len 12
[ 2975.042766] brcmfmac: brcmf_proto_bcdc_msg Enter
[ 2975.042770] brcmfmac: brcmf_sdio_bus_txctl Enter
[ 2975.042782] brcmfmac: brcmf_sdio_dpc Enter
[ 2975.042787] brcmfmac: brcmf_sdio_bus_sleep Enter: request WAKE currently WAKE
[ 2975.042791] brcmfmac: brcmf_sdio_clkctl Enter
[ 2975.042795] brcmfmac: brcmf_sdio_bus_sleep new state WAKE
[ 2975.042799] brcmfmac: brcmf_sdio_bus_sleep Exit: err=0
[ 2975.042822] brcmfmac: brcmf_sdio_tx_ctrlframe Enter
[ 2975.042827] brcmutil: Tx Frame:
[ 2975.042830] 00000000: 30 00 cf ff 2c 00 00 01 00 00 00 00 93 00 00 14  0...,...........
[ 2975.042833] 00000010: 00 00 00 00 7f 00 00 00 0c 00 00 00 00 00 38 0a  ..............8.
[ 2975.042837] 00000020: 00 00 00 00 00 00 00 00 00 00 00 00 00 00 00 00  ................
[ 2975.042877] brcmfmac: brcmf_sdio_bus_txctl ctrl_frame complete, err=0
[ 2975.042893] brcmfmac: brcmf_proto_bcdc_cmplt Enter
[ 2975.042896] brcmfmac: brcmf_sdio_bus_rxctl Enter
[ 2975.042933] brcmfmac: brcmf_sdiod_ib_irqhandler IB intr triggered
[ 2975.042938] brcmfmac: brcmf_sdio_isr Enter
[ 2975.042998] brcmfmac: brcmf_sdio_dpc Enter
[ 2975.043003] brcmfmac: brcmf_sdio_bus_sleep Enter: request WAKE currently WAKE
[ 2975.043007] brcmfmac: brcmf_sdio_clkctl Enter
[ 2975.043010] brcmfmac: brcmf_sdio_bus_sleep new state WAKE
[ 2975.043013] brcmfmac: brcmf_sdio_bus_sleep Exit: err=0
[ 2975.043017] brcmfmac: brcmf_sdio_readframes Enter
[ 2975.043022] brcmfmac: brcmf_sdiod_recv_pkt addr = 0x18000000, size = 64
[ 2975.043056] brcmutil: RxHdr:
[ 2975.043059] 00000000: 28 00 d7 ff 50 00 00 0c 00 bc 00 00              (...P.......
[ 2975.043064] brcmfmac: brcmf_sdio_read_control Enter
[ 2975.043103] brcmutil: RxCtrl:
[ 2975.043106] 00000000: 28 00 d7 ff 50 00 00 0c 00 bc 00 00 7f 00 00 00  (...P...........
[ 2975.043110] 00000010: 0c 00 00 00 00 00 38 0a 00 00 00 00 ce ff ff ff  ......8.........
[ 2975.043113] 00000020: 00 00 00 00 00 00 00 00                          ........
[ 2975.043121] brcmfmac: brcmf_sdiod_recv_pkt addr = 0x18000000, size = 64
[ 2975.043131] brcmfmac: brcmf_sdio_bus_rxctl resumed on rxctl frame, got 28 expected 28
[ 2975.043148] brcmfmac: brcmf_fil_cmd_data_get ifidx=0, cmd=127, len=12, err=0
[ 2975.043153] brcmutil: data
[ 2975.043155] brcmutil: RxHdr:
[ 2975.043158] 00000000: 00 00 00 00 00 00 00 00 00 00 00 00              ............
[ 2975.043158] 00000000: ce ff ff ff 00 00 00 00 00 00 00 00              ............
[ 2975.043162] brcmfmac: brcmf_cfg80211_get_station RSSI -50 dBm
[ 2975.043163] brcmfmac: brcmf_sdio_readframes processed 1 frames
[ 2975.043166] brcmfmac: brcmf_cfg80211_get_station Exit
[ 2975.043179] brcmfmac: brcmf_cfg80211_dump_station Enter, idx 1
[ 2975.043249] brcmfmac: brcmf_cfg80211_dump_station Enter, idx 1
[ 2975.055087] brcmfmac: brcmf_sdiod_ib_irqhandler IB intr triggered
[ 2975.055116] brcmfmac: brcmf_sdio_isr Enter
[ 2975.055249] brcmfmac: brcmf_sdio_dpc Enter
[ 2975.055256] brcmfmac: brcmf_sdio_bus_sleep Enter: request WAKE currently WAKE
[ 2975.055262] brcmfmac: brcmf_sdio_clkctl Enter
[ 2975.055266] brcmfmac: brcmf_sdio_bus_sleep new state WAKE
[ 2975.055270] brcmfmac: brcmf_sdio_bus_sleep Exit: err=0
[ 2975.055275] brcmfmac: brcmf_sdio_readframes Enter
[ 2975.055285] brcmfmac: brcmf_sdiod_recv_pkt addr = 0x18000000, size = 64
[ 2975.055323] brcmutil: RxHdr:
[ 2975.055331] 00000000: 78 00 87 ff 51 02 00 0e 00 bc 00 00              x...Q.......
[ 2975.055338] brcmfmac: brcmf_sdiod_recv_pkt addr = 0x18000000, size = 56
[ 2975.055368] brcmutil: Rx Data:
[ 2975.055372] 00000000: 78 00 87 ff 51 02 00 0e 00 bc 00 00 00 00 20 05  x...Q......... .
[ 2975.055375] 00000010: 00 00 88 a2 9e 66 59 10 62 72 58 ed 47 5b 08 00  .....fY.brX.G[..
[ 2975.055379] 00000020: 45 ba 00 58 00 00 40 00 40 06 0b e3 c0 a8 56 18  E..X..@.@.....V.
[ 2975.055383] 00000030: c0 a8 56 9a fc c6 00 16 ce 28 c9 82 7d d8 e7 4b  ..V......(..}..K
[ 2975.055387] 00000040: 80 18 08 00 9b a2 00 00 01 01 08 0a 25 bd b8 f5  ............%...
[ 2975.055391] 00000050: d0 be 42 52 00 00 00 10 3d 38 9a bf f7 47 bb 42  ..BR....=8...G.B
[ 2975.055394] 00000060: f3 09 bd bc 93 21 e1 8a f3 47 c4 46 2c 20 dc 62  .....!...G.F, .b
[ 2975.055398] 00000070: e0 e2 91 94 64 21 72 ca                          ....d!r.
[ 2975.055402] brcmfmac: brcmf_rx_frame Enter: mmc1:0001:1: rxp=00000000f23282bb
[ 2975.055409] brcmfmac: brcmf_proto_bcdc_hdrpull Enter
[ 2975.055416] brcmfmac: brcmf_fws_hdrpull enter: ifidx 0, skblen 102, sig 0
[ 2975.055423] brcmfmac: brcmf_netif_rx rx proto=0x800
[ 2975.055514] brcmfmac: brcmf_sdiod_recv_pkt addr = 0x18000000, size = 64
[ 2975.055567] brcmutil: RxHdr:
[ 2975.055571] 00000000: 00 00 00 00 00 00 00 00 00 00 00 00              ............
[ 2975.055576] brcmfmac: brcmf_sdio_readframes processed 1 frames
[ 2975.055834] brcmfmac: brcmf_netdev_start_xmit Enter, bsscfgidx=0
[ 2975.055847] brcmfmac: brcmf_proto_bcdc_hdrpush Enter
[ 2975.055852] brcmfmac: brcmf_sdio_bus_txdata Enter: pkt: data 00000000517a6e67 len 106
[ 2975.055858] brcmfmac: brcmf_sdio_bus_txdata deferring pktq len 0
[ 2975.055896] brcmfmac: brcmf_sdio_dpc Enter
[ 2975.055902] brcmfmac: brcmf_sdio_bus_sleep Enter: request WAKE currently WAKE
[ 2975.055908] brcmfmac: brcmf_sdio_clkctl Enter
[ 2975.055911] brcmfmac: brcmf_sdio_bus_sleep new state WAKE
[ 2975.055915] brcmfmac: brcmf_sdio_bus_sleep Exit: err=0
[ 2975.055919] brcmfmac: brcmf_sdio_sendfromq Enter
[ 2975.055925] brcmfmac: brcmf_sdio_txpkt Enter
[ 2975.055930] brcmutil: Tx Frame:
[ 2975.055934] 00000000: 84 00 7b ff 80 00 00 01 00 00 00 00 94 02 00 1a  ..{.............
[ 2975.055938] 00000010: 00 00 00 00 00 00 00 00 00 00 20 06 00 00 62 72  .......... ...br
[ 2975.055942] 00000020: 58 ed 47 5b 88 a2 9e 66 59 10 08 00 45 12 00 58  X.G[...fY...E..X
[ 2975.055945] 00000030: 68 45 40 00 40 06 a4 45 c0 a8 56 9a c0 a8 56 18  hE@.@..E..V...V.
[ 2975.055949] 00000040: 00 16 fc c6 7d d8 e7 4b ce 28 c9 a6 80 18 02 58  ....}..K.(.....X
[ 2975.055953] 00000050: 65 d3 00 00 01 01 08 0a d0 be 42 6b 25 bd b8 f5  e.........Bk%...
[ 2975.055957] 00000060: 00 00 00 10 df b9 53 e4 a6 1f d4 9c b5 79 67 ce  ......S......yg.
[ 2975.055960] 00000070: dd c0 d7 19 df 70 6c a2 73 69 0d b2 ed 76 01 dc  .....pl.si...v..
[ 2975.055964] 00000080: cd 24 ea 80                                      .$..
[ 2975.055968] brcmfmac: brcmf_sdiod_send_pkt addr = 0x18000000, size = 1
[ 2975.056018] brcmfmac: brcmf_proto_bcdc_hdrpull Enter
[ 2975.063394] brcmfmac: brcmf_sdiod_ib_irqhandler IB intr triggered
[ 2975.063416] brcmfmac: brcmf_sdio_isr Enter
[ 2975.063531] brcmfmac: brcmf_sdio_dpc Enter
[ 2975.063540] brcmfmac: brcmf_sdio_bus_sleep Enter: request WAKE currently WAKE
[ 2975.063544] brcmfmac: brcmf_sdio_clkctl Enter
[ 2975.063548] brcmfmac: brcmf_sdio_bus_sleep new state WAKE
[ 2975.063552] brcmfmac: brcmf_sdio_bus_sleep Exit: err=0
[ 2975.063557] brcmfmac: brcmf_sdio_readframes Enter
[ 2975.063567] brcmfmac: brcmf_sdiod_recv_pkt addr = 0x18000000, size = 64
[ 2975.063608] brcmutil: RxHdr:
[ 2975.063615] 00000000: 54 00 ab ff 52 02 00 0e 00 bd 00 00              T...R.......
[ 2975.063623] brcmfmac: brcmf_sdiod_recv_pkt addr = 0x18000000, size = 24
[ 2975.063652] brcmutil: Rx Data:
[ 2975.063656] 00000000: 54 00 ab ff 52 02 00 0e 00 bd 00 00 00 00 20 05  T...R......... .
[ 2975.063660] 00000010: 00 00 88 a2 9e 66 59 10 62 72 58 ed 47 5b 08 00  .....fY.brX.G[..
[ 2975.063663] 00000020: 45 b8 00 34 00 00 40 00 40 06 0c 09 c0 a8 56 18  E..4..@.@.....V.
[ 2975.063666] 00000030: c0 a8 56 9a fc c6 00 16 ce 28 c9 a6 7d d8 e7 6f  ..V......(..}..o
[ 2975.063670] 00000040: 80 10 08 00 54 e0 00 00 01 01 08 0a 25 bd b8 fd  ....T.......%...
[ 2975.063673] 00000050: d0 be 42 6b                                      ..Bk
[ 2975.063677] brcmfmac: brcmf_rx_frame Enter: mmc1:0001:1: rxp=00000000b5425512
[ 2975.063684] brcmfmac: brcmf_proto_bcdc_hdrpull Enter
[ 2975.063688] brcmfmac: brcmf_fws_hdrpull enter: ifidx 0, skblen 66, sig 0
[ 2975.063694] brcmfmac: brcmf_netif_rx rx proto=0x800
[ 2975.063750] brcmfmac: brcmf_sdiod_recv_pkt addr = 0x18000000, size = 64
[ 2975.063782] brcmutil: RxHdr:
[ 2975.063786] 00000000: 00 00 00 00 00 00 00 00 00 00 00 00              ............
[ 2975.063791] brcmfmac: brcmf_sdio_readframes processed 1 frames
[ 2975.077621] brcmfmac: brcmf_sdio_bus_watchdog Enter
[ 2975.077654] brcmfmac: brcmf_sdio_bus_sleep Enter: request WAKE currently WAKE
[ 2975.077659] brcmfmac: brcmf_sdio_clkctl Enter
[ 2975.077663] brcmfmac: brcmf_sdio_bus_sleep new state WAKE
[ 2975.077666] brcmfmac: brcmf_sdio_bus_sleep Exit: err=0
[ 2975.081683] brcmfmac: brcmf_sdiod_ramrw read 24 bytes at offset 0x00005ec4 in window 0x00258000
[ 2975.081768] brcmfmac: brcmf_sdiod_ramrw read 1024 bytes at offset 0x00005ab4 in window 0x00258000
[ 2975.081894] brcmfmac: CONSOLE: 002969.952 wl0: unable to find iovar "tdls_sta_info"
[ 2975.081899] brcmfmac: CONSOLE: 002969.952 wl0: wlc_iovar_op: tdls_sta_info BCME -23 (Unsupported)
[ 2975.081930] brcmfmac: brcmf_sdiod_ib_irqhandler IB intr triggered
[ 2975.081934] brcmfmac: brcmf_sdio_isr Enter
[ 2975.082040] brcmfmac: brcmf_sdio_dpc Enter
[ 2975.082048] brcmfmac: brcmf_sdio_bus_sleep Enter: request WAKE currently WAKE
[ 2975.082053] brcmfmac: brcmf_sdio_clkctl Enter
[ 2975.082058] brcmfmac: brcmf_sdio_bus_sleep new state WAKE
[ 2975.082061] brcmfmac: brcmf_sdio_bus_sleep Exit: err=0
[ 2975.082066] brcmfmac: brcmf_sdio_readframes Enter
[ 2975.082073] brcmfmac: brcmf_sdiod_recv_pkt addr = 0x18000000, size = 64
[ 2975.082115] brcmutil: RxHdr:
[ 2975.082125] 00000000: 78 00 87 ff 53 02 00 0e 00 bd 00 00              x...S.......
[ 2975.082131] brcmfmac: brcmf_sdiod_recv_pkt addr = 0x18000000, size = 56
[ 2975.082165] brcmutil: Rx Data:
[ 2975.082169] 00000000: 78 00 87 ff 53 02 00 0e 00 bd 00 00 00 00 20 05  x...S......... .
[ 2975.082173] 00000010: 00 00 88 a2 9e 66 59 10 62 72 58 ed 47 5b 08 00  .....fY.brX.G[..
[ 2975.082177] 00000020: 45 ba 00 58 00 00 40 00 40 06 0b e3 c0 a8 56 18  E..X..@.@.....V.
[ 2975.082180] 00000030: c0 a8 56 9a fc c6 00 16 ce 28 c9 a6 7d d8 e7 6f  ..V......(..}..o
[ 2975.082184] 00000040: 80 18 08 00 fb f5 00 00 01 01 08 0a 25 bd b9 0c  ............%...
[ 2975.082187] 00000050: d0 be 42 6b 00 00 00 10 0d c6 2c aa 69 49 d7 b4  ..Bk......,.iI..
[ 2975.082190] 00000060: fd 68 77 67 2b b0 ee bf 02 0f e7 f4 c2 3c 23 f7  .hwg+........<#.
[ 2975.082194] 00000070: b3 c3 f4 be ff 86 d5 ae                          ........
[ 2975.082198] brcmfmac: brcmf_rx_frame Enter: mmc1:0001:1: rxp=00000000b5425512
[ 2975.082206] brcmfmac: brcmf_proto_bcdc_hdrpull Enter
[ 2975.082210] brcmfmac: brcmf_fws_hdrpull enter: ifidx 0, skblen 102, sig 0
[ 2975.082216] brcmfmac: brcmf_netif_rx rx proto=0x800
[ 2975.082278] brcmfmac: brcmf_sdiod_recv_pkt addr = 0x18000000, size = 64
[ 2975.082320] brcmutil: RxHdr:
[ 2975.082324] 00000000: 00 00 00 00 00 00 00 00 00 00 00 00              ............
[ 2975.082328] brcmfmac: brcmf_sdio_readframes processed 1 frames
[ 2975.082527] brcmfmac: brcmf_netdev_start_xmit Enter, bsscfgidx=0
[ 2975.082537] brcmfmac: brcmf_proto_bcdc_hdrpush Enter
[ 2975.082541] brcmfmac: brcmf_sdio_bus_txdata Enter: pkt: data 00000000cce54562 len 106
[ 2975.082548] brcmfmac: brcmf_sdio_bus_txdata deferring pktq len 0
[ 2975.082579] brcmfmac: brcmf_sdio_dpc Enter
[ 2975.082585] brcmfmac: brcmf_sdio_bus_sleep Enter: request WAKE currently WAKE
[ 2975.082589] brcmfmac: brcmf_sdio_clkctl Enter
[ 2975.082593] brcmfmac: brcmf_sdio_bus_sleep new state WAKE
[ 2975.082597] brcmfmac: brcmf_sdio_bus_sleep Exit: err=0
[ 2975.082602] brcmfmac: brcmf_sdio_sendfromq Enter
[ 2975.082607] brcmfmac: brcmf_sdio_txpkt Enter
[ 2975.082611] brcmutil: Tx Frame:
[ 2975.082616] 00000000: 84 00 7b ff 80 00 00 01 00 00 00 00 95 02 00 1a  ..{.............
[ 2975.082619] 00000010: 00 00 00 00 00 00 00 00 00 00 20 06 00 00 62 72  .......... ...br
[ 2975.082623] 00000020: 58 ed 47 5b 88 a2 9e 66 59 10 08 00 45 12 00 58  X.G[...fY...E..X
[ 2975.082626] 00000030: 68 46 40 00 40 06 a4 44 c0 a8 56 9a c0 a8 56 18  hF@.@..D..V...V.
[ 2975.082630] 00000040: 00 16 fc c6 7d d8 e7 6f ce 28 c9 ca 80 18 02 58  ....}..o.(.....X
[ 2975.082633] 00000050: e8 f2 00 00 01 01 08 0a d0 be 42 85 25 bd b9 0c  ..........B.%...
[ 2975.082637] 00000060: 00 00 00 10 c5 1f ef be 68 0b f0 bf fd 4d f9 e4  ........h....M..
[ 2975.082641] 00000070: 9f 23 cc 6f 7e 26 51 6c 15 d3 4d ca d7 6f 65 1d  .#.o~&Ql..M..oe.
[ 2975.082644] 00000080: 36 e5 59 f9                                      6.Y.
[ 2975.082649] brcmfmac: brcmf_sdiod_send_pkt addr = 0x18000000, size = 1
[ 2975.082706] brcmfmac: brcmf_proto_bcdc_hdrpull Enter
[ 2975.085880] brcmfmac: brcmf_sdiod_ib_irqhandler IB intr triggered
[ 2975.085906] brcmfmac: brcmf_sdio_isr Enter
[ 2975.085980] brcmfmac: brcmf_sdio_dpc Enter
[ 2975.085988] brcmfmac: brcmf_sdio_bus_sleep Enter: request WAKE currently WAKE
[ 2975.085993] brcmfmac: brcmf_sdio_clkctl Enter
[ 2975.085998] brcmfmac: brcmf_sdio_bus_sleep new state WAKE
[ 2975.086001] brcmfmac: brcmf_sdio_bus_sleep Exit: err=0
[ 2975.086009] brcmfmac: brcmf_sdio_readframes Enter
[ 2975.086016] brcmfmac: brcmf_sdiod_recv_pkt addr = 0x18000000, size = 64
[ 2975.086055] brcmutil: RxHdr:
[ 2975.086063] 00000000: 54 00 ab ff 54 02 00 0e 00 be 00 00              T...T.......
[ 2975.086069] brcmfmac: brcmf_sdiod_recv_pkt addr = 0x18000000, size = 24
[ 2975.086099] brcmutil: Rx Data:
[ 2975.086104] 00000000: 54 00 ab ff 54 02 00 0e 00 be 00 00 00 00 20 05  T...T......... .
[ 2975.086108] 00000010: 00 00 88 a2 9e 66 59 10 62 72 58 ed 47 5b 08 00  .....fY.brX.G[..
[ 2975.086111] 00000020: 45 b8 00 34 00 00 40 00 40 06 0c 09 c0 a8 56 18  E..4..@.@.....V.
[ 2975.086114] 00000030: c0 a8 56 9a fc c6 00 16 ce 28 c9 ca 7d d8 e7 93  ..V......(..}...
[ 2975.086118] 00000040: 80 10 08 00 54 66 00 00 01 01 08 0a 25 bd b9 15  ....Tf......%...
[ 2975.086121] 00000050: d0 be 42 85                                      ..B.
[ 2975.086126] brcmfmac: brcmf_rx_frame Enter: mmc1:0001:1: rxp=00000000f83510a4
[ 2975.086133] brcmfmac: brcmf_proto_bcdc_hdrpull Enter
[ 2975.086137] brcmfmac: brcmf_fws_hdrpull enter: ifidx 0, skblen 66, sig 0
[ 2975.086142] brcmfmac: brcmf_netif_rx rx proto=0x800
[ 2975.086192] brcmfmac: brcmf_sdiod_recv_pkt addr = 0x18000000, size = 64
[ 2975.086224] brcmutil: RxHdr:
[ 2975.086228] 00000000: 00 00 00 00 00 00 00 00 00 00 00 00              ............
[ 2975.086234] brcmfmac: brcmf_sdio_readframes processed 1 frames
[ 2975.099734] brcmfmac: brcmf_sdiod_ib_irqhandler IB intr triggered
[ 2975.099762] brcmfmac: brcmf_sdio_isr Enter
[ 2975.099862] brcmfmac: brcmf_sdio_dpc Enter
[ 2975.099869] brcmfmac: brcmf_sdio_bus_sleep Enter: request WAKE currently WAKE
[ 2975.099874] brcmfmac: brcmf_sdio_clkctl Enter
[ 2975.099878] brcmfmac: brcmf_sdio_bus_sleep new state WAKE
[ 2975.099882] brcmfmac: brcmf_sdio_bus_sleep Exit: err=0
[ 2975.099888] brcmfmac: brcmf_sdio_readframes Enter
[ 2975.099896] brcmfmac: brcmf_sdiod_recv_pkt addr = 0x18000000, size = 64
[ 2975.099936] brcmutil: RxHdr:
[ 2975.099943] 00000000: 78 00 87 ff 55 02 00 0e 00 be 00 00              x...U.......
[ 2975.099949] brcmfmac: brcmf_sdiod_recv_pkt addr = 0x18000000, size = 56
[ 2975.099979] brcmutil: Rx Data:
[ 2975.099984] 00000000: 78 00 87 ff 55 02 00 0e 00 be 00 00 00 00 20 05  x...U......... .
[ 2975.099987] 00000010: 00 00 88 a2 9e 66 59 10 62 72 58 ed 47 5b 08 00  .....fY.brX.G[..
[ 2975.099991] 00000020: 45 ba 00 58 00 00 40 00 40 06 0b e3 c0 a8 56 18  E..X..@.@.....V.
[ 2975.099995] 00000030: c0 a8 56 9a fc c6 00 16 ce 28 c9 ca 7d d8 e7 93  ..V......(..}...
[ 2975.099999] 00000040: 80 18 08 00 81 a6 00 00 01 01 08 0a 25 bd b9 22  ............%.."
[ 2975.100002] 00000050: d0 be 42 85 00 00 00 10 5a 8a ff f9 b5 d7 0d 52  ..B.....Z......R
[ 2975.100006] 00000060: 6b 8c 76 75 89 85 39 19 db 21 37 87 1b 5a c7 5a  k.vu..9..!7..Z.Z
[ 2975.100009] 00000070: 6d 7d b5 63 cb 87 2c 61                          m}.c..,a
[ 2975.100014] brcmfmac: brcmf_rx_frame Enter: mmc1:0001:1: rxp=00000000f83510a4
[ 2975.100021] brcmfmac: brcmf_proto_bcdc_hdrpull Enter
[ 2975.100026] brcmfmac: brcmf_fws_hdrpull enter: ifidx 0, skblen 102, sig 0
[ 2975.100032] brcmfmac: brcmf_netif_rx rx proto=0x800
[ 2975.100097] brcmfmac: brcmf_sdiod_recv_pkt addr = 0x18000000, size = 64
[ 2975.100134] brcmutil: RxHdr:
[ 2975.100138] 00000000: 00 00 00 00 00 00 00 00 00 00 00 00              ............
[ 2975.100143] brcmfmac: brcmf_sdio_readframes processed 1 frames
[ 2975.100350] brcmfmac: brcmf_netdev_start_xmit Enter, bsscfgidx=0
[ 2975.100360] brcmfmac: brcmf_proto_bcdc_hdrpush Enter
[ 2975.100363] brcmfmac: brcmf_sdio_bus_txdata Enter: pkt: data 00000000517a6e67 len 106
[ 2975.100369] brcmfmac: brcmf_sdio_bus_txdata deferring pktq len 0
[ 2975.100392] brcmfmac: brcmf_sdio_dpc Enter
[ 2975.100398] brcmfmac: brcmf_sdio_bus_sleep Enter: request WAKE currently WAKE
[ 2975.100401] brcmfmac: brcmf_sdio_clkctl Enter
[ 2975.100404] brcmfmac: brcmf_sdio_bus_sleep new state WAKE
[ 2975.100408] brcmfmac: brcmf_sdio_bus_sleep Exit: err=0
[ 2975.100412] brcmfmac: brcmf_sdio_sendfromq Enter
[ 2975.100416] brcmfmac: brcmf_sdio_txpkt Enter
[ 2975.100421] brcmutil: Tx Frame:
[ 2975.100425] 00000000: 84 00 7b ff 80 00 00 01 00 00 00 00 96 02 00 1a  ..{.............
[ 2975.100429] 00000010: 00 00 00 00 00 00 00 00 00 00 20 06 00 00 62 72  .......... ...br
[ 2975.100432] 00000020: 58 ed 47 5b 88 a2 9e 66 59 10 08 00 45 12 00 58  X.G[...fY...E..X
[ 2975.100436] 00000030: 68 47 40 00 40 06 a4 43 c0 a8 56 9a c0 a8 56 18  hG@.@..C..V...V.
[ 2975.100439] 00000040: 00 16 fc c6 7d d8 e7 93 ce 28 c9 ee 80 18 02 58  ....}....(.....X
[ 2975.100443] 00000050: 75 51 00 00 01 01 08 0a d0 be 42 97 25 bd b9 22  uQ........B.%.."
[ 2975.100446] 00000060: 00 00 00 10 a6 60 80 1e 0b 4c 86 e5 44 cf 1c 8a  .....`...L..D...
[ 2975.100450] 00000070: b3 3e 06 05 b6 43 b1 3b 18 ba 7d f7 65 7d 81 5b  .>...C.;..}.e}.[
[ 2975.100454] 00000080: dd de 4e 07                                      ..N.
[ 2975.100458] brcmfmac: brcmf_sdiod_send_pkt addr = 0x18000000, size = 1
[ 2975.100506] brcmfmac: brcmf_proto_bcdc_hdrpull Enter
[ 2975.107089] brcmfmac: brcmf_sdiod_ib_irqhandler IB intr triggered
[ 2975.107117] brcmfmac: brcmf_sdio_isr Enter
[ 2975.107233] brcmfmac: brcmf_sdio_dpc Enter
[ 2975.107241] brcmfmac: brcmf_sdio_bus_sleep Enter: request WAKE currently WAKE
[ 2975.107246] brcmfmac: brcmf_sdio_clkctl Enter
[ 2975.107251] brcmfmac: brcmf_sdio_bus_sleep new state WAKE
[ 2975.107255] brcmfmac: brcmf_sdio_bus_sleep Exit: err=0
[ 2975.107261] brcmfmac: brcmf_sdio_readframes Enter
[ 2975.107272] brcmfmac: brcmf_sdiod_recv_pkt addr = 0x18000000, size = 64
[ 2975.107312] brcmutil: RxHdr:
[ 2975.107318] 00000000: 54 00 ab ff 56 02 00 0e 00 bf 00 00              T...V.......
[ 2975.107326] brcmfmac: brcmf_sdiod_recv_pkt addr = 0x18000000, size = 24
[ 2975.107355] brcmutil: Rx Data:
[ 2975.107359] 00000000: 54 00 ab ff 56 02 00 0e 00 bf 00 00 00 00 20 05  T...V......... .
[ 2975.107364] 00000010: 00 00 88 a2 9e 66 59 10 62 72 58 ed 47 5b 08 00  .....fY.brX.G[..
[ 2975.107367] 00000020: 45 b8 00 34 00 00 40 00 40 06 0c 09 c0 a8 56 18  E..4..@.@.....V.
[ 2975.107370] 00000030: c0 a8 56 9a fc c6 00 16 ce 28 c9 ee 7d d8 e7 b7  ..V......(..}...
[ 2975.107374] 00000040: 80 10 08 00 53 f8 00 00 01 01 08 0a 25 bd b9 29  ....S.......%..)
[ 2975.107378] 00000050: d0 be 42 97                                      ..B.
[ 2975.107382] brcmfmac: brcmf_rx_frame Enter: mmc1:0001:1: rxp=00000000148234d6
[ 2975.107390] brcmfmac: brcmf_proto_bcdc_hdrpull Enter
[ 2975.107395] brcmfmac: brcmf_fws_hdrpull enter: ifidx 0, skblen 66, sig 0
[ 2975.107401] brcmfmac: brcmf_netif_rx rx proto=0x800
[ 2975.107452] brcmfmac: brcmf_sdiod_recv_pkt addr = 0x18000000, size = 64
[ 2975.107483] brcmutil: RxHdr:
[ 2975.107487] 00000000: 00 00 00 00 00 00 00 00 00 00 00 00              ............
[ 2975.107492] brcmfmac: brcmf_sdio_readframes processed 1 frames
[ 2975.121596] brcmfmac: brcmf_sdio_bus_watchdog Enter
[ 2975.121621] brcmfmac: brcmf_sdio_bus_sleep Enter: request WAKE currently WAKE
[ 2975.121626] brcmfmac: brcmf_sdio_clkctl Enter
[ 2975.121630] brcmfmac: brcmf_sdio_bus_sleep new state WAKE
[ 2975.121633] brcmfmac: brcmf_sdio_bus_sleep Exit: err=0
[ 2975.121707] brcmfmac: brcmf_sdiod_ramrw read 24 bytes at offset 0x00005ec4 in window 0x00258000
[ 2975.126678] brcmfmac: brcmf_sdiod_ib_irqhandler IB intr triggered
[ 2975.126701] brcmfmac: brcmf_sdio_isr Enter
[ 2975.126826] brcmfmac: brcmf_sdio_dpc Enter
[ 2975.126835] brcmfmac: brcmf_sdio_bus_sleep Enter: request WAKE currently WAKE
[ 2975.126841] brcmfmac: brcmf_sdio_clkctl Enter
[ 2975.126845] brcmfmac: brcmf_sdio_bus_sleep new state WAKE
[ 2975.126849] brcmfmac: brcmf_sdio_bus_sleep Exit: err=0
[ 2975.126854] brcmfmac: brcmf_sdio_readframes Enter
[ 2975.126862] brcmfmac: brcmf_sdiod_recv_pkt addr = 0x18000000, size = 64
[ 2975.126898] brcmutil: RxHdr:
[ 2975.126905] 00000000: 78 00 87 ff 57 02 00 0e 00 bf 00 00              x...W.......
[ 2975.126912] brcmfmac: brcmf_sdiod_recv_pkt addr = 0x18000000, size = 56
[ 2975.126944] brcmutil: Rx Data:
[ 2975.126949] 00000000: 78 00 87 ff 57 02 00 0e 00 bf 00 00 00 00 20 05  x...W......... .
[ 2975.126953] 00000010: 00 00 88 a2 9e 66 59 10 62 72 58 ed 47 5b 08 00  .....fY.brX.G[..
[ 2975.126956] 00000020: 45 ba 00 58 00 00 40 00 40 06 0b e3 c0 a8 56 18  E..X..@.@.....V.
[ 2975.126960] 00000030: c0 a8 56 9a fc c6 00 16 ce 28 c9 ee 7d d8 e7 b7  ..V......(..}...
[ 2975.126964] 00000040: 80 18 08 00 61 48 00 00 01 01 08 0a 25 bd b9 3b  ....aH......%..;
[ 2975.126967] 00000050: d0 be 42 97 00 00 00 10 b9 ea c1 1b 11 df f2 dd  ..B.............
[ 2975.126971] 00000060: 7f fe dc 5d c9 5c 4b b8 e3 ca 70 11 3f a8 6f 93  ...].\K...p.?.o.
[ 2975.126974] 00000070: b4 4d a5 84 5e 3b 46 07                          .M..^;F.
[ 2975.126978] brcmfmac: brcmf_rx_frame Enter: mmc1:0001:1: rxp=00000000148234d6
[ 2975.126985] brcmfmac: brcmf_proto_bcdc_hdrpull Enter
[ 2975.126990] brcmfmac: brcmf_fws_hdrpull enter: ifidx 0, skblen 102, sig 0
[ 2975.126998] brcmfmac: brcmf_netif_rx rx proto=0x800
[ 2975.127051] brcmfmac: brcmf_sdiod_recv_pkt addr = 0x18000000, size = 64
[ 2975.127090] brcmutil: RxHdr:
[ 2975.127095] 00000000: 00 00 00 00 00 00 00 00 00 00 00 00              ............
[ 2975.127101] brcmfmac: brcmf_sdio_readframes processed 1 frames
[ 2975.127323] brcmfmac: brcmf_netdev_start_xmit Enter, bsscfgidx=0
[ 2975.127337] brcmfmac: brcmf_proto_bcdc_hdrpush Enter
[ 2975.127342] brcmfmac: brcmf_sdio_bus_txdata Enter: pkt: data 00000000cce54562 len 106
[ 2975.127351] brcmfmac: brcmf_sdio_bus_txdata deferring pktq len 0
[ 2975.127372] brcmfmac: brcmf_sdio_dpc Enter
[ 2975.127378] brcmfmac: brcmf_sdio_bus_sleep Enter: request WAKE currently WAKE
[ 2975.127382] brcmfmac: brcmf_sdio_clkctl Enter
[ 2975.127386] brcmfmac: brcmf_sdio_bus_sleep new state WAKE
[ 2975.127390] brcmfmac: brcmf_sdio_bus_sleep Exit: err=0
[ 2975.127395] brcmfmac: brcmf_sdio_sendfromq Enter
[ 2975.127399] brcmfmac: brcmf_sdio_txpkt Enter
[ 2975.127404] brcmutil: Tx Frame:
[ 2975.127409] 00000000: 84 00 7b ff 80 00 00 01 00 00 00 00 97 02 00 1a  ..{.............
[ 2975.127413] 00000010: 00 00 00 00 00 00 00 00 00 00 20 06 00 00 62 72  .......... ...br
[ 2975.127416] 00000020: 58 ed 47 5b 88 a2 9e 66 59 10 08 00 45 12 00 58  X.G[...fY...E..X
[ 2975.127420] 00000030: 68 48 40 00 40 06 a4 42 c0 a8 56 9a c0 a8 56 18  hH@.@..B..V...V.
[ 2975.127423] 00000040: 00 16 fc c6 7d d8 e7 b7 ce 28 ca 12 80 18 02 58  ....}....(.....X
[ 2975.127427] 00000050: 89 e6 00 00 01 01 08 0a d0 be 42 b2 25 bd b9 3b  ..........B.%..;
[ 2975.127430] 00000060: 00 00 00 10 96 3b ca 7b 6b df 69 91 5a bb 39 7b  .....;.{k.i.Z.9{
[ 2975.127434] 00000070: d9 97 6a 86 37 22 89 f8 ea cd 8d 5b 69 06 eb 9f  ..j.7".....[i...
[ 2975.127437] 00000080: 9e c7 93 fd                                      ....
[ 2975.127441] brcmfmac: brcmf_sdiod_send_pkt addr = 0x18000000, size = 1
[ 2975.127509] brcmfmac: brcmf_proto_bcdc_hdrpull Enter
[ 2975.133661] brcmfmac: brcmf_sdiod_ib_irqhandler IB intr triggered
[ 2975.133683] brcmfmac: brcmf_sdio_isr Enter
[ 2975.133757] brcmfmac: brcmf_sdio_dpc Enter
[ 2975.133765] brcmfmac: brcmf_sdio_bus_sleep Enter: request WAKE currently WAKE
[ 2975.133770] brcmfmac: brcmf_sdio_clkctl Enter
[ 2975.133775] brcmfmac: brcmf_sdio_bus_sleep new state WAKE
[ 2975.133779] brcmfmac: brcmf_sdio_bus_sleep Exit: err=0
[ 2975.133785] brcmfmac: brcmf_sdio_readframes Enter
[ 2975.133795] brcmfmac: brcmf_sdiod_recv_pkt addr = 0x18000000, size = 64
[ 2975.133832] brcmutil: RxHdr:
[ 2975.133839] 00000000: 54 00 ab ff 58 02 00 0e 00 c0 00 00              T...X.......
[ 2975.133846] brcmfmac: brcmf_sdiod_recv_pkt addr = 0x18000000, size = 24
[ 2975.133875] brcmutil: Rx Data:
[ 2975.133879] 00000000: 54 00 ab ff 58 02 00 0e 00 c0 00 00 00 00 20 05  T...X......... .
[ 2975.133883] 00000010: 00 00 88 a2 9e 66 59 10 62 72 58 ed 47 5b 08 00  .....fY.brX.G[..
[ 2975.133887] 00000020: 45 b8 00 34 00 00 40 00 40 06 0c 09 c0 a8 56 18  E..4..@.@.....V.
[ 2975.133891] 00000030: c0 a8 56 9a fc c6 00 16 ce 28 ca 12 7d d8 e7 db  ..V......(..}...
[ 2975.133895] 00000040: 80 10 08 00 53 7b 00 00 01 01 08 0a 25 bd b9 43  ....S{......%..C
[ 2975.133898] 00000050: d0 be 42 b2                                      ..B.
[ 2975.133902] brcmfmac: brcmf_rx_frame Enter: mmc1:0001:1: rxp=00000000c6097d91
[ 2975.133908] brcmfmac: brcmf_proto_bcdc_hdrpull Enter
[ 2975.133913] brcmfmac: brcmf_fws_hdrpull enter: ifidx 0, skblen 66, sig 0
[ 2975.133918] brcmfmac: brcmf_netif_rx rx proto=0x800
[ 2975.133962] brcmfmac: brcmf_sdiod_recv_pkt addr = 0x18000000, size = 64
[ 2975.133995] brcmutil: RxHdr:
[ 2975.133999] 00000000: 00 00 00 00 00 00 00 00 00 00 00 00              ............
[ 2975.134004] brcmfmac: brcmf_sdio_readframes processed 1 frames
[ 2975.137626] brcmfmac: brcmf_netdev_start_xmit Enter, bsscfgidx=0
[ 2975.137652] brcmfmac: brcmf_proto_bcdc_hdrpush Enter
[ 2975.137658] brcmfmac: brcmf_sdio_bus_txdata Enter: pkt: data 00000000e3a47767 len 170
[ 2975.137668] brcmfmac: brcmf_sdio_bus_txdata deferring pktq len 0
[ 2975.137691] brcmfmac: brcmf_sdio_dpc Enter
[ 2975.137700] brcmfmac: brcmf_sdio_bus_sleep Enter: request WAKE currently WAKE
[ 2975.137705] brcmfmac: brcmf_sdio_clkctl Enter
[ 2975.137709] brcmfmac: brcmf_sdio_bus_sleep new state WAKE
[ 2975.137713] brcmfmac: brcmf_sdio_bus_sleep Exit: err=0
[ 2975.137720] brcmfmac: brcmf_sdio_sendfromq Enter
[ 2975.137725] brcmfmac: brcmf_sdio_txpkt Enter
[ 2975.137729] brcmutil: Tx Frame:
[ 2975.137734] 00000000: c4 00 3b ff c0 00 00 01 00 00 00 00 98 02 00 1a  ..;.............
[ 2975.137740] 00000010: 00 00 00 00 00 00 00 00 00 00 20 06 00 00 62 72  .......... ...br
[ 2975.137743] 00000020: 58 ed 47 5b 88 a2 9e 66 59 10 08 00 45 12 00 98  X.G[...fY...E...
[ 2975.137747] 00000030: 68 49 40 00 40 06 a4 01 c0 a8 56 9a c0 a8 56 18  hI@.@.....V...V.
[ 2975.137750] 00000040: 00 16 fc c6 7d d8 e7 db ce 28 ca 12 80 18 02 58  ....}....(.....X
[ 2975.137754] 00000050: f7 a8 00 00 01 01 08 0a d0 be 42 bd 25 bd b9 43  ..........B.%..C
[ 2975.137758] 00000060: 00 00 00 50 37 1b 1d 07 99 4f a7 6c 26 b3 43 78  ...P7....O.l&.Cx
[ 2975.137761] 00000070: 24 4b 6d a0 b7 46 59 f3 80 7a 0b d7 da 7e 34 5a  $Km..FY..z...~4Z
[ 2975.137765] 00000080: db b0 39 1e ef a1 00 0f 00 12 d6 e1 8a 58 92 ef  ..9..........X..
[ 2975.137768] 00000090: ad 5b 45 73 ad ff 30 6e 5e 0a de 3c d2 63 c0 ae  .[Es..0n^..<.c..
[ 2975.137772] 000000a0: 66 cb be b9 b8 33 aa df 90 7e d1 a2 f2 bd 61 87  f....3...~....a.
[ 2975.137776] 000000b0: f0 23 48 6b b4 ab e0 ff a4 6e ef 80 c4 3e fe 1a  .#Hk.....n...>..
[ 2975.137779] 000000c0: f4 64 32 1e                                      .d2.
[ 2975.137784] brcmfmac: brcmf_sdiod_send_pkt addr = 0x18000000, size = 1
[ 2975.137857] brcmfmac: brcmf_proto_bcdc_hdrpull Enter
[ 2975.145656] brcmfmac: brcmf_sdiod_ib_irqhandler IB intr triggered
[ 2975.145675] brcmfmac: brcmf_sdio_isr Enter
[ 2975.145744] brcmfmac: brcmf_sdio_dpc Enter
[ 2975.145751] brcmfmac: brcmf_sdio_bus_sleep Enter: request WAKE currently WAKE
[ 2975.145757] brcmfmac: brcmf_sdio_clkctl Enter
[ 2975.145761] brcmfmac: brcmf_sdio_bus_sleep new state WAKE
[ 2975.145764] brcmfmac: brcmf_sdio_bus_sleep Exit: err=0
[ 2975.145770] brcmfmac: brcmf_sdio_readframes Enter
[ 2975.145779] brcmfmac: brcmf_sdiod_recv_pkt addr = 0x18000000, size = 64
[ 2975.145815] brcmutil: RxHdr:
[ 2975.145822] 00000000: 54 00 ab ff 59 02 00 0e 00 c1 00 00              T...Y.......
[ 2975.145828] brcmfmac: brcmf_sdiod_recv_pkt addr = 0x18000000, size = 24
[ 2975.145857] brcmutil: Rx Data:
[ 2975.145861] 00000000: 54 00 ab ff 59 02 00 0e 00 c1 00 00 00 00 20 05  T...Y......... .
[ 2975.145865] 00000010: 00 00 88 a2 9e 66 59 10 62 72 58 ed 47 5b 08 00  .....fY.brX.G[..
[ 2975.145869] 00000020: 45 b8 00 34 00 00 40 00 40 06 0c 09 c0 a8 56 18  E..4..@.@.....V.
[ 2975.145872] 00000030: c0 a8 56 9a fc c6 00 16 ce 28 ca 12 7d d8 e8 3f  ..V......(..}..?
[ 2975.145876] 00000040: 80 10 08 00 53 01 00 00 01 01 08 0a 25 bd b9 4e  ....S.......%..N
[ 2975.145879] 00000050: d0 be 42 bd                                      ..B.
[ 2975.145883] brcmfmac: brcmf_rx_frame Enter: mmc1:0001:1: rxp=00000000c6097d91
[ 2975.145891] brcmfmac: brcmf_proto_bcdc_hdrpull Enter
[ 2975.145895] brcmfmac: brcmf_fws_hdrpull enter: ifidx 0, skblen 66, sig 0
[ 2975.145901] brcmfmac: brcmf_netif_rx rx proto=0x800
[ 2975.145944] brcmfmac: brcmf_sdiod_recv_pkt addr = 0x18000000, size = 64
[ 2975.145976] brcmutil: RxHdr:
[ 2975.145980] 00000000: 78 00 87 ff 5a 02 00 0e 00 c1 00 00              x...Z.......
[ 2975.145984] brcmfmac: brcmf_sdiod_recv_pkt addr = 0x18000000, size = 56
[ 2975.146966] brcmutil: Rx Data:
[ 2975.146984] 00000000: 78 00 87 ff 5a 02 00 0e 00 c1 00 00 00 00 20 05  x...Z......... .
[ 2975.146991] 00000010: 00 00 88 a2 9e 66 59 10 62 72 58 ed 47 5b 08 00  .....fY.brX.G[..
[ 2975.146995] 00000020: 45 ba 00 58 00 00 40 00 40 06 0b e3 c0 a8 56 18  E..X..@.@.....V.
[ 2975.146998] 00000030: c0 a8 56 9a fc c6 00 16 ce 28 ca 12 7d d8 e8 3f  ..V......(..}..?
[ 2975.147002] 00000040: 80 18 08 00 c3 63 00 00 01 01 08 0a 25 bd b9 4f  .....c......%..O
[ 2975.147005] 00000050: d0 be 42 bd 00 00 00 10 fc 72 44 ee 39 23 87 78  ..B......rD.9#.x
[ 2975.147009] 00000060: 24 d4 33 7e 08 1a 6d 92 fa 6e e8 b6 0e 74 80 77  $.3~..m..n...t.w
[ 2975.147012] 00000070: b7 5e a3 20 0b 2d e7 a6                          .^. .-..
[ 2975.147016] brcmfmac: brcmf_rx_frame Enter: mmc1:0001:1: rxp=00000000c6097d91
[ 2975.147023] brcmfmac: brcmf_proto_bcdc_hdrpull Enter
[ 2975.147027] brcmfmac: brcmf_fws_hdrpull enter: ifidx 0, skblen 102, sig 0
[ 2975.147033] brcmfmac: brcmf_netif_rx rx proto=0x800
[ 2975.147087] brcmfmac: brcmf_sdiod_recv_pkt addr = 0x18000000, size = 64
[ 2975.147134] brcmutil: RxHdr:
[ 2975.147139] 00000000: 00 00 00 00 00 00 00 00 00 00 00 00              ............
[ 2975.147144] brcmfmac: brcmf_sdio_readframes processed 2 frames
[ 2975.147314] brcmfmac: brcmf_netdev_start_xmit Enter, bsscfgidx=0
[ 2975.147323] brcmfmac: brcmf_proto_bcdc_hdrpush Enter
[ 2975.147327] brcmfmac: brcmf_sdio_bus_txdata Enter: pkt: data 00000000cce54562 len 106
[ 2975.147333] brcmfmac: brcmf_sdio_bus_txdata deferring pktq len 0
[ 2975.147356] brcmfmac: brcmf_sdio_dpc Enter
[ 2975.147361] brcmfmac: brcmf_sdio_bus_sleep Enter: request WAKE currently WAKE
[ 2975.147366] brcmfmac: brcmf_sdio_clkctl Enter
[ 2975.147370] brcmfmac: brcmf_sdio_bus_sleep new state WAKE
[ 2975.147373] brcmfmac: brcmf_sdio_bus_sleep Exit: err=0
[ 2975.147378] brcmfmac: brcmf_sdio_sendfromq Enter
[ 2975.147382] brcmfmac: brcmf_sdio_txpkt Enter
[ 2975.147386] brcmutil: Tx Frame:
[ 2975.147389] 00000000: 84 00 7b ff 80 00 00 01 00 00 00 00 99 02 00 1a  ..{.............
[ 2975.147393] 00000010: 00 00 00 00 00 00 00 00 00 00 20 06 00 00 62 72  .......... ...br
[ 2975.147396] 00000020: 58 ed 47 5b 88 a2 9e 66 59 10 08 00 45 12 00 58  X.G[...fY...E..X
[ 2975.147400] 00000030: 68 4a 40 00 40 06 a4 40 c0 a8 56 9a c0 a8 56 18  hJ@.@..@..V...V.
[ 2975.147403] 00000040: 00 16 fc c6 7d d8 e8 3f ce 28 ca 36 80 18 02 58  ....}..?.(.6...X
[ 2975.147407] 00000050: 66 5f 00 00 01 01 08 0a d0 be 42 c6 25 bd b9 4f  f_........B.%..O
[ 2975.147410] 00000060: 00 00 00 10 a5 17 bc eb 87 78 64 cf b3 97 b1 13  .........xd.....
[ 2975.147413] 00000070: 4c 1d be 74 38 48 e6 34 2a 2b 47 35 43 17 f4 d7  L..t8H.4*+G5C...
[ 2975.147417] 00000080: 6a a2 01 e8                                      j...
[ 2975.147421] brcmfmac: brcmf_sdiod_send_pkt addr = 0x18000000, size = 1
[ 2975.147469] brcmfmac: brcmf_proto_bcdc_hdrpull Enter
[ 2975.151848] brcmfmac: brcmf_sdiod_ib_irqhandler IB intr triggered
[ 2975.151866] brcmfmac: brcmf_sdio_isr Enter
[ 2975.151945] brcmfmac: brcmf_sdio_dpc Enter
[ 2975.151953] brcmfmac: brcmf_sdio_bus_sleep Enter: request WAKE currently WAKE
[ 2975.151959] brcmfmac: brcmf_sdio_clkctl Enter
[ 2975.151963] brcmfmac: brcmf_sdio_bus_sleep new state WAKE
[ 2975.151966] brcmfmac: brcmf_sdio_bus_sleep Exit: err=0
[ 2975.151971] brcmfmac: brcmf_sdio_readframes Enter
[ 2975.151980] brcmfmac: brcmf_sdiod_recv_pkt addr = 0x18000000, size = 64
[ 2975.152016] brcmutil: RxHdr:
[ 2975.152022] 00000000: 54 00 ab ff 5b 02 00 0e 00 c2 00 00              T...[.......
[ 2975.152029] brcmfmac: brcmf_sdiod_recv_pkt addr = 0x18000000, size = 24
[ 2975.152056] brcmutil: Rx Data:
[ 2975.152060] 00000000: 54 00 ab ff 5b 02 00 0e 00 c2 00 00 00 00 20 05  T...[......... .
[ 2975.152064] 00000010: 00 00 88 a2 9e 66 59 10 62 72 58 ed 47 5b 08 00  .....fY.brX.G[..
[ 2975.152068] 00000020: 45 b8 00 34 00 00 40 00 40 06 0c 09 c0 a8 56 18  E..4..@.@.....V.
[ 2975.152072] 00000030: c0 a8 56 9a fc c6 00 16 ce 28 ca 36 7d d8 e8 63  ..V......(.6}..c
[ 2975.152075] 00000040: 80 10 08 00 52 a7 00 00 01 01 08 0a 25 bd b9 57  ....R.......%..W
[ 2975.152079] 00000050: d0 be 42 c6                                      ..B.
[ 2975.152083] brcmfmac: brcmf_rx_frame Enter: mmc1:0001:1: rxp=00000000477ff675
[ 2975.152091] brcmfmac: brcmf_proto_bcdc_hdrpull Enter
[ 2975.152095] brcmfmac: brcmf_fws_hdrpull enter: ifidx 0, skblen 66, sig 0
[ 2975.152101] brcmfmac: brcmf_netif_rx rx proto=0x800
[ 2975.152149] brcmfmac: brcmf_sdiod_recv_pkt addr = 0x18000000, size = 64
[ 2975.152181] brcmutil: RxHdr:
[ 2975.152185] 00000000: 00 00 00 00 00 00 00 00 00 00 00 00              ............
[ 2975.152190] brcmfmac: brcmf_sdio_readframes processed 1 frames
[ 2975.165592] brcmfmac: brcmf_sdio_bus_watchdog Enter
[ 2975.165616] brcmfmac: brcmf_sdio_bus_sleep Enter: request WAKE currently WAKE
[ 2975.165622] brcmfmac: brcmf_sdio_clkctl Enter
[ 2975.165626] brcmfmac: brcmf_sdio_bus_sleep new state WAKE
[ 2975.165629] brcmfmac: brcmf_sdio_bus_sleep Exit: err=0
[ 2975.165702] brcmfmac: brcmf_sdiod_ramrw read 24 bytes at offset 0x00005ec4 in window 0x00258000
[ 2975.166965] brcmfmac: brcmf_sdiod_ib_irqhandler IB intr triggered
[ 2975.166981] brcmfmac: brcmf_sdio_isr Enter
[ 2975.167094] brcmfmac: brcmf_sdio_dpc Enter
[ 2975.167104] brcmfmac: brcmf_sdio_bus_sleep Enter: request WAKE currently WAKE
[ 2975.167109] brcmfmac: brcmf_sdio_clkctl Enter
[ 2975.167113] brcmfmac: brcmf_sdio_bus_sleep new state WAKE
[ 2975.167117] brcmfmac: brcmf_sdio_bus_sleep Exit: err=0
[ 2975.167122] brcmfmac: brcmf_sdio_readframes Enter
[ 2975.167130] brcmfmac: brcmf_sdiod_recv_pkt addr = 0x18000000, size = 64
[ 2975.167168] brcmutil: RxHdr:
[ 2975.167174] 00000000: 78 00 87 ff 5c 02 00 0e 00 c2 00 00              x...\.......
[ 2975.167182] brcmfmac: brcmf_sdiod_recv_pkt addr = 0x18000000, size = 56
[ 2975.167212] brcmutil: Rx Data:
[ 2975.167216] 00000000: 78 00 87 ff 5c 02 00 0e 00 c2 00 00 00 00 20 05  x...\......... .
[ 2975.167220] 00000010: 00 00 88 a2 9e 66 59 10 62 72 58 ed 47 5b 08 00  .....fY.brX.G[..
[ 2975.167223] 00000020: 45 ba 00 58 00 00 40 00 40 06 0b e3 c0 a8 56 18  E..X..@.@.....V.
[ 2975.167228] 00000030: c0 a8 56 9a fc c6 00 16 ce 28 ca 36 7d d8 e8 63  ..V......(.6}..c
[ 2975.167231] 00000040: 80 18 08 00 04 73 00 00 01 01 08 0a 25 bd b9 64  .....s......%..d
[ 2975.167234] 00000050: d0 be 42 c6 00 00 00 10 ea eb 59 19 17 cd 4f 2a  ..B.......Y...O*
[ 2975.167238] 00000060: b1 3b 27 cf 39 e9 b4 8b cb 9d a9 2b 67 3a 74 b8  .;'.9......+g:t.
[ 2975.167241] 00000070: 5b 48 df 49 b7 91 98 8e                          [H.I....
[ 2975.167245] brcmfmac: brcmf_rx_frame Enter: mmc1:0001:1: rxp=00000000477ff675
[ 2975.167256] brcmfmac: brcmf_proto_bcdc_hdrpull Enter
[ 2975.167261] brcmfmac: brcmf_fws_hdrpull enter: ifidx 0, skblen 102, sig 0
[ 2975.167267] brcmfmac: brcmf_netif_rx rx proto=0x800
[ 2975.167317] brcmfmac: brcmf_sdiod_recv_pkt addr = 0x18000000, size = 64
[ 2975.167356] brcmutil: RxHdr:
[ 2975.167361] 00000000: 00 00 00 00 00 00 00 00 00 00 00 00              ............
[ 2975.167366] brcmfmac: brcmf_sdio_readframes processed 1 frames
[ 2975.167528] brcmfmac: brcmf_netdev_start_xmit Enter, bsscfgidx=0
[ 2975.167538] brcmfmac: brcmf_proto_bcdc_hdrpush Enter
[ 2975.167542] brcmfmac: brcmf_sdio_bus_txdata Enter: pkt: data 00000000517a6e67 len 106
[ 2975.167548] brcmfmac: brcmf_sdio_bus_txdata deferring pktq len 0
[ 2975.167570] brcmfmac: brcmf_sdio_dpc Enter
[ 2975.167574] brcmfmac: brcmf_sdio_bus_sleep Enter: request WAKE currently WAKE
[ 2975.167578] brcmfmac: brcmf_sdio_clkctl Enter
[ 2975.167582] brcmfmac: brcmf_sdio_bus_sleep new state WAKE
[ 2975.167585] brcmfmac: brcmf_sdio_bus_sleep Exit: err=0
[ 2975.167590] brcmfmac: brcmf_sdio_sendfromq Enter
[ 2975.167594] brcmfmac: brcmf_sdio_txpkt Enter
[ 2975.167598] brcmutil: Tx Frame:
[ 2975.167602] 00000000: 84 00 7b ff 80 00 00 01 00 00 00 00 9a 02 00 1a  ..{.............
[ 2975.167606] 00000010: 00 00 00 00 00 00 00 00 00 00 20 06 00 00 62 72  .......... ...br
[ 2975.167609] 00000020: 58 ed 47 5b 88 a2 9e 66 59 10 08 00 45 12 00 58  X.G[...fY...E..X
[ 2975.167613] 00000030: 68 4b 40 00 40 06 a4 3f c0 a8 56 9a c0 a8 56 18  hK@.@..?..V...V.
[ 2975.167616] 00000040: 00 16 fc c6 7d d8 e8 63 ce 28 ca 5a 80 18 02 58  ....}..c.(.Z...X
[ 2975.167620] 00000050: b5 12 00 00 01 01 08 0a d0 be 42 da 25 bd b9 64  ..........B.%..d
[ 2975.167623] 00000060: 00 00 00 10 0d 12 df 83 f4 97 c9 9a f8 d9 ea 63  ...............c
[ 2975.167627] 00000070: 2d 47 e8 10 bb 11 34 d0 83 8f 63 cf c6 db e4 22  -G....4...c...."
[ 2975.167630] 00000080: f8 5a 84 c2                                      .Z..
[ 2975.167634] brcmfmac: brcmf_sdiod_send_pkt addr = 0x18000000, size = 1
[ 2975.167680] brcmfmac: brcmf_proto_bcdc_hdrpull Enter
[ 2975.176097] brcmfmac: brcmf_sdiod_ib_irqhandler IB intr triggered
[ 2975.176117] brcmfmac: brcmf_sdio_isr Enter
[ 2975.176206] brcmfmac: brcmf_sdio_dpc Enter
[ 2975.176214] brcmfmac: brcmf_sdio_bus_sleep Enter: request WAKE currently WAKE
[ 2975.176219] brcmfmac: brcmf_sdio_clkctl Enter
[ 2975.176224] brcmfmac: brcmf_sdio_bus_sleep new state WAKE
[ 2975.176228] brcmfmac: brcmf_sdio_bus_sleep Exit: err=0
[ 2975.176234] brcmfmac: brcmf_sdio_readframes Enter
[ 2975.176243] brcmfmac: brcmf_sdiod_recv_pkt addr = 0x18000000, size = 64
[ 2975.176282] brcmutil: RxHdr:
[ 2975.176289] 00000000: 54 00 ab ff 5d 02 00 0e 00 c3 00 00              T...].......
[ 2975.176296] brcmfmac: brcmf_sdiod_recv_pkt addr = 0x18000000, size = 24
[ 2975.176326] brcmutil: Rx Data:
[ 2975.176330] 00000000: 54 00 ab ff 5d 02 00 0e 00 c3 00 00 00 00 20 05  T...]......... .
[ 2975.176334] 00000010: 00 00 88 a2 9e 66 59 10 62 72 58 ed 47 5b 08 00  .....fY.brX.G[..
[ 2975.176338] 00000020: 45 b8 00 34 00 00 40 00 40 06 0c 09 c0 a8 56 18  E..4..@.@.....V.
[ 2975.176341] 00000030: c0 a8 56 9a fc c6 00 16 ce 28 ca 5a 7d d8 e8 87  ..V......(.Z}...
[ 2975.176345] 00000040: 80 10 08 00 52 35 00 00 01 01 08 0a 25 bd b9 6d  ....R5......%..m
[ 2975.176348] 00000050: d0 be 42 da                                      ..B.
[ 2975.176352] brcmfmac: brcmf_rx_frame Enter: mmc1:0001:1: rxp=0000000094b0a987
[ 2975.176359] brcmfmac: brcmf_proto_bcdc_hdrpull Enter
[ 2975.176363] brcmfmac: brcmf_fws_hdrpull enter: ifidx 0, skblen 66, sig 0
[ 2975.176369] brcmfmac: brcmf_netif_rx rx proto=0x800
[ 2975.176415] brcmfmac: brcmf_sdiod_recv_pkt addr = 0x18000000, size = 64
[ 2975.176448] brcmutil: RxHdr:
[ 2975.176452] 00000000: 00 00 00 00 00 00 00 00 00 00 00 00              ............
[ 2975.176457] brcmfmac: brcmf_sdio_readframes processed 1 frames
[ 2975.184221] warning: `cat' uses wireless extensions which will stop working for Wi-Fi 7 hardware; use nl80211
[ 2975.184240] brcmfmac: brcmf_cfg80211_get_station Enter, MAC f0:72:ea:4c:c7:a5
[ 2975.184250] brcmfmac: brcmf_proto_bcdc_query_dcmd Enter, cmd 262 len 310
[ 2975.184254] brcmfmac: brcmf_proto_bcdc_msg Enter
[ 2975.184260] brcmfmac: brcmf_sdio_bus_txctl Enter
[ 2975.184298] brcmfmac: brcmf_sdio_dpc Enter
[ 2975.184308] brcmfmac: brcmf_sdio_bus_sleep Enter: request WAKE currently WAKE
[ 2975.184313] brcmfmac: brcmf_sdio_clkctl Enter
[ 2975.184317] brcmfmac: brcmf_sdio_bus_sleep new state WAKE
[ 2975.184321] brcmfmac: brcmf_sdio_bus_sleep Exit: err=0
[ 2975.184366] brcmfmac: brcmf_sdio_tx_ctrlframe Enter
[ 2975.184371] brcmutil: Tx Frame:
[ 2975.184376] 00000000: 60 01 9f fe 56 01 00 01 00 00 06 00 9b 00 00 14  `...V...........
[ 2975.184380] 00000010: 00 00 00 00 06 01 00 00 36 01 00 00 00 00 39 0a  ........6.....9.
[ 2975.184384] 00000020: 00 00 00 00 74 64 6c 73 5f 73 74 61 5f 69 6e 66  ....tdls_sta_inf
[ 2975.184388] 00000030: 6f 00 f0 72 ea 4c c7 a5 00 00 00 00 00 00 00 00  o..r.L..........
[ 2975.184391] 00000040: 00 00 00 00 00 00 00 00 00 00 00 00 00 00 00 00  ................
[ 2975.184395] 00000050: 00 00 00 00 00 00 00 00 00 00 00 00 00 00 00 00  ................
[ 2975.184398] 00000060: 00 00 00 00 00 00 00 00 00 00 00 00 00 00 00 00  ................
[ 2975.184401] 00000070: 00 00 00 00 00 00 00 00 00 00 00 00 00 00 00 00  ................
[ 2975.184405] 00000080: 00 00 00 00 00 00 00 00 00 00 00 00 00 00 00 00  ................
[ 2975.184408] 00000090: 00 00 00 00 00 00 00 00 00 00 00 00 00 00 00 00  ................
[ 2975.184411] 000000a0: 00 00 00 00 00 00 00 00 00 00 00 00 00 00 00 00  ................
[ 2975.184415] 000000b0: 00 00 00 00 00 00 00 00 00 00 00 00 00 00 00 00  ................
[ 2975.184418] 000000c0: 00 00 00 00 00 00 00 00 00 00 00 00 00 00 00 00  ................
[ 2975.184422] 000000d0: 00 00 00 00 00 00 00 00 00 00 00 00 00 00 00 00  ................
[ 2975.184425] 000000e0: 00 00 00 00 00 00 00 00 00 00 00 00 00 00 00 00  ................
[ 2975.184428] 000000f0: 00 00 00 00 00 00 00 00 00 00 00 00 00 00 00 00  ................
[ 2975.184432] 00000100: 00 00 00 00 00 00 00 00 00 00 00 00 00 00 00 00  ................
[ 2975.184435] 00000110: 00 00 00 00 00 00 00 00 00 00 00 00 00 00 00 00  ................
[ 2975.184438] 00000120: 00 00 00 00 00 00 00 00 00 00 00 00 00 00 00 00  ................
[ 2975.184442] 00000130: 00 00 00 00 00 00 00 00 00 00 00 00 00 00 00 00  ................
[ 2975.184445] 00000140: 00 00 00 00 00 00 00 00 00 00 00 00 00 00 00 00  ................
[ 2975.184449] 00000150: 00 00 00 00 00 00 00 00 00 00 00 50 f2 02 01 01  ...........P....
[ 2975.184522] brcmfmac: brcmf_sdio_bus_txctl ctrl_frame complete, err=0
[ 2975.184528] brcmfmac: brcmf_proto_bcdc_cmplt Enter
[ 2975.184532] brcmfmac: brcmf_sdio_bus_rxctl Enter
[ 2975.184899] brcmfmac: brcmf_sdiod_ib_irqhandler IB intr triggered
[ 2975.184904] brcmfmac: brcmf_sdio_isr Enter
[ 2975.184958] brcmfmac: brcmf_sdio_dpc Enter
[ 2975.184963] brcmfmac: brcmf_sdio_bus_sleep Enter: request WAKE currently WAKE
[ 2975.184967] brcmfmac: brcmf_sdio_clkctl Enter
[ 2975.184970] brcmfmac: brcmf_sdio_bus_sleep new state WAKE
[ 2975.184973] brcmfmac: brcmf_sdio_bus_sleep Exit: err=0
[ 2975.184977] brcmfmac: brcmf_sdio_readframes Enter
[ 2975.184983] brcmfmac: brcmf_sdiod_recv_pkt addr = 0x18000000, size = 64
[ 2975.185014] brcmutil: RxHdr:
[ 2975.185018] 00000000: 52 01 ad fe 5e 00 00 0c 00 c4 00 00              R...^.......
[ 2975.185023] brcmfmac: brcmf_sdio_read_control Enter
[ 2975.185056] brcmfmac: brcmf_sdiod_recv_pkt addr = 0x18000000, size = 280
[ 2975.185102] brcmutil: RxCtrl:
[ 2975.185105] 00000000: 52 01 ad fe 5e 00 00 0c 00 c4 00 00 06 01 00 00  R...^...........
[ 2975.185109] 00000010: 00 00 00 00 01 00 39 0a e9 ff ff ff 74 64 6c 73  ......9.....tdls
[ 2975.185113] 00000020: 5f 73 74 61 5f 69 6e 66 6f 00 f0 72 ea 4c c7 a5  _sta_info..r.L..
[ 2975.185116] 00000030: 00 00 00 00 00 00 00 00 00 00 00 00 00 00 00 00  ................
[ 2975.185120] 00000040: 00 00 00 00 00 00 00 00 00 00 00 00 00 00 00 00  ................
[ 2975.185123] 00000050: 00 00 00 00 00 00 00 00 00 00 00 00 00 00 00 00  ................
[ 2975.185127] 00000060: 00 00 00 00 00 00 00 00 00 00 00 00 00 00 00 00  ................
[ 2975.185130] 00000070: 00 00 00 00 00 00 00 00 00 00 00 00 00 00 00 00  ................
[ 2975.185133] 00000080: 00 00 00 00 00 00 00 00 00 00 00 00 00 00 00 00  ................
[ 2975.185137] 00000090: 00 00 00 00 00 00 00 00 00 00 00 00 00 00 00 00  ................
[ 2975.185140] 000000a0: 00 00 00 00 00 00 00 00 00 00 00 00 00 00 00 00  ................
[ 2975.185143] 000000b0: 00 00 00 00 00 00 00 00 00 00 00 00 00 00 00 00  ................
[ 2975.185147] 000000c0: 00 00 00 00 00 00 00 00 00 00 00 00 00 00 00 00  ................
[ 2975.185150] 000000d0: 00 00 00 00 00 00 00 00 00 00 00 00 00 00 00 00  ................
[ 2975.185154] 000000e0: 00 00 00 00 00 00 00 00 00 00 00 00 00 00 00 00  ................
[ 2975.185157] 000000f0: 00 00 00 00 00 00 00 00 00 00 00 00 00 00 00 00  ................
[ 2975.185161] 00000100: 00 00 00 00 00 00 00 00 00 00 00 00 00 00 00 00  ................
[ 2975.185164] 00000110: 00 00 00 00 00 00 00 00 00 00 00 00 00 00 00 00  ................
[ 2975.185167] 00000120: 00 00 00 00 00 00 00 00 00 00 00 00 00 00 00 00  ................
[ 2975.185170] 00000130: 00 00 00 00 00 00 00 00 00 00 00 00 00 00 00 00  ................
[ 2975.185174] 00000140: 00 00 00 00 00 00 00 00 00 00 00 00 00 00 00 00  ................
[ 2975.185177] 00000150: 00 00                                            ..
[ 2975.185184] brcmfmac: brcmf_sdiod_recv_pkt addr = 0x18000000, size = 64
[ 2975.185198] brcmfmac: brcmf_sdio_bus_rxctl resumed on rxctl frame, got 326 expected 326
[ 2975.185212] brcmfmac: brcmf_fil_cmd_data Firmware error: BCME_UNSUPPORTED (-23)
[ 2975.185214] brcmutil: RxHdr:
[ 2975.185217] 00000000: 00 00 00 00 00 00 00 00 00 00 00 00              ............
[ 2975.185217] brcmfmac: brcmf_fil_iovar_data_get ifidx=0, name=tdls_sta_info, len=296, err=-52
[ 2975.185222] brcmfmac: brcmf_sdio_readframes processed 1 frames
[ 2975.185223] brcmutil: data
[ 2975.185225] 00000000: f0 72 ea 4c c7 a5 00 00 00 00 00 00 00 00 00 00  .r.L............
[ 2975.185230] 00000010: 00 00 00 00 00 00 00 00 00 00 00 00 00 00 00 00  ................
[ 2975.185233] 00000020: 00 00 00 00 00 00 00 00 00 00 00 00 00 00 00 00  ................
[ 2975.185237] 00000030: 00 00 00 00 00 00 00 00 00 00 00 00 00 00 00 00  ................
[ 2975.185241] brcmfmac: brcmf_proto_bcdc_query_dcmd Enter, cmd 262 len 305
[ 2975.185245] brcmfmac: brcmf_proto_bcdc_msg Enter
[ 2975.185248] brcmfmac: brcmf_sdio_bus_txctl Enter
[ 2975.185257] brcmfmac: brcmf_sdio_dpc Enter
[ 2975.185261] brcmfmac: brcmf_sdio_bus_sleep Enter: request WAKE currently WAKE
[ 2975.185265] brcmfmac: brcmf_sdio_clkctl Enter
[ 2975.185268] brcmfmac: brcmf_sdio_bus_sleep new state WAKE
[ 2975.185271] brcmfmac: brcmf_sdio_bus_sleep Exit: err=0
[ 2975.185291] brcmfmac: brcmf_sdio_tx_ctrlframe Enter
[ 2975.185294] brcmutil: Tx Frame:
[ 2975.185298] 00000000: 58 01 a7 fe 51 01 00 01 00 00 03 00 9c 00 00 14  X...Q...........
[ 2975.185302] 00000010: 00 00 00 00 06 01 00 00 31 01 00 00 00 00 3a 0a  ........1.....:.
[ 2975.185306] 00000020: 00 00 00 00 73 74 61 5f 69 6e 66 6f 00 f0 72 ea  ....sta_info..r.
[ 2975.185309] 00000030: 4c c7 a5 00 00 00 00 00 00 00 00 00 00 00 00 00  L...............
[ 2975.185312] 00000040: 00 00 00 00 00 00 00 00 00 00 00 00 00 00 00 00  ................
[ 2975.185316] 00000050: 00 00 00 00 00 00 00 00 00 00 00 00 00 00 00 00  ................
[ 2975.185319] 00000060: 00 00 00 00 00 00 00 00 00 00 00 00 00 00 00 00  ................
[ 2975.185323] 00000070: 00 00 00 00 00 00 00 00 00 00 00 00 00 00 00 00  ................
[ 2975.185326] 00000080: 00 00 00 00 00 00 00 00 00 00 00 00 00 00 00 00  ................
[ 2975.185330] 00000090: 00 00 00 00 00 00 00 00 00 00 00 00 00 00 00 00  ................
[ 2975.185333] 000000a0: 00 00 00 00 00 00 00 00 00 00 00 00 00 00 00 00  ................
[ 2975.185336] 000000b0: 00 00 00 00 00 00 00 00 00 00 00 00 00 00 00 00  ................
[ 2975.185340] 000000c0: 00 00 00 00 00 00 00 00 00 00 00 00 00 00 00 00  ................
[ 2975.185343] 000000d0: 00 00 00 00 00 00 00 00 00 00 00 00 00 00 00 00  ................
[ 2975.185346] 000000e0: 00 00 00 00 00 00 00 00 00 00 00 00 00 00 00 00  ................
[ 2975.185350] 000000f0: 00 00 00 00 00 00 00 00 00 00 00 00 00 00 00 00  ................
[ 2975.185353] 00000100: 00 00 00 00 00 00 00 00 00 00 00 00 00 00 00 00  ................
[ 2975.185356] 00000110: 00 00 00 00 00 00 00 00 00 00 00 00 00 00 00 00  ................
[ 2975.185360] 00000120: 00 00 00 00 00 00 00 00 00 00 00 00 00 00 00 00  ................
[ 2975.185363] 00000130: 00 00 00 00 00 00 00 00 00 00 00 00 00 00 00 00  ................
[ 2975.185366] 00000140: 00 00 00 00 00 00 00 00 00 00 00 00 00 00 00 00  ................
[ 2975.185370] 00000150: 00 00 00 00 00 00 00 00                          ........
[ 2975.185428] brcmfmac: brcmf_sdio_bus_txctl ctrl_frame complete, err=0
[ 2975.185433] brcmfmac: brcmf_proto_bcdc_cmplt Enter
[ 2975.185436] brcmfmac: brcmf_sdio_bus_rxctl Enter
[ 2975.185612] brcmfmac: brcmf_sdiod_ib_irqhandler IB intr triggered
[ 2975.185616] brcmfmac: brcmf_sdio_isr Enter
[ 2975.185674] brcmfmac: brcmf_sdio_dpc Enter
[ 2975.185679] brcmfmac: brcmf_sdio_bus_sleep Enter: request WAKE currently WAKE
[ 2975.185682] brcmfmac: brcmf_sdio_clkctl Enter
[ 2975.185686] brcmfmac: brcmf_sdio_bus_sleep new state WAKE
[ 2975.185689] brcmfmac: brcmf_sdio_bus_sleep Exit: err=0
[ 2975.185693] brcmfmac: brcmf_sdio_readframes Enter
[ 2975.185697] brcmfmac: brcmf_sdiod_recv_pkt addr = 0x18000000, size = 64
[ 2975.185729] brcmutil: RxHdr:
[ 2975.185733] 00000000: 4d 01 b2 fe 5f 00 00 0c 00 c5 00 00              M..._.......
[ 2975.185737] brcmfmac: brcmf_sdio_read_control Enter
[ 2975.185756] brcmfmac: brcmf_sdiod_recv_pkt addr = 0x18000000, size = 272
[ 2975.185801] brcmutil: RxCtrl:
[ 2975.185804] 00000000: 4d 01 b2 fe 5f 00 00 0c 00 c5 00 00 06 01 00 00  M..._...........
[ 2975.185808] 00000010: 31 01 00 00 00 00 3a 0a 00 00 00 00 04 00 c8 00  1.....:.........
[ 2975.185812] 00000020: 00 00 00 00 3a e0 10 00 00 00 00 00 f0 72 ea 4c  ....:........r.L
[ 2975.185815] 00000030: c7 a5 00 00 08 00 00 00 0c 12 18 24 30 48 60 6c  ...........$0H`l
[ 2975.185819] 00000040: 00 00 00 00 00 00 00 00 58 0a 00 00 00 00 00 00  ........X.......
[ 2975.185822] 00000050: 8a c6 02 00 06 00 00 00 7b 68 00 00 00 00 00 00  ........{h......
[ 2975.185826] 00000060: 18 5b 05 00 b5 9c 06 00 75 68 00 00 00 00 00 00  .[......uh......
[ 2975.185829] 00000070: 8a c6 02 00 7b 68 00 00 00 00 00 00 1a 6d 43 10  ....{h.......mC.
[ 2975.185833] 00000080: 00 00 00 00 ec 71 43 00 00 00 00 00 1a 6d 43 10  .....qC......mC.
[ 2975.185836] 00000090: 00 00 00 00 00 00 00 00 00 00 00 00 ec 71 43 00  .............qC.
[ 2975.185840] 000000a0: 00 00 00 00 00 00 00 00 00 00 00 00 cf 00 00 00  ................
[ 2975.185843] 000000b0: 00 00 00 00 00 00 ef 01 7b 00 00 00 00 00 00 00  ........{.......
[ 2975.185846] 000000c0: 06 00 00 00 00 00 00 00 7d c6 02 00 ae 1e 00 00  ........}.......
[ 2975.185850] 000000d0: 01 01 00 00 0b 00 00 00 00 00 00 00 57 01 00 00  ............W...
[ 2975.185853] 000000e0: 8c ad 02 00 00 00 00 00 00 00 00 00 00 00 00 00  ................
[ 2975.185857] 000000f0: 00 00 00 00 00 00 00 00 00 00 00 00 00 00 00 00  ................
[ 2975.185860] 00000100: 00 00 00 00 00 00 00 00 00 00 00 00 00 00 00 00  ................
[ 2975.185864] 00000110: 00 00 00 00 00 00 00 00 00 00 00 00 00 00 00 00  ................
[ 2975.185867] 00000120: 00 00 00 00 00 00 00 00 00 00 00 00 00 00 00 00  ................
[ 2975.185871] 00000130: 00 00 00 00 00 00 00 00 00 00 00 00 00 00 00 00  ................
[ 2975.185874] 00000140: 00 00 00 00 00 00 00 00 00 00 00 00 00           .............
[ 2975.185880] brcmfmac: brcmf_sdiod_recv_pkt addr = 0x18000000, size = 64
[ 2975.185888] brcmfmac: brcmf_sdio_bus_rxctl resumed on rxctl frame, got 321 expected 321
[ 2975.185894] brcmfmac: brcmf_fil_iovar_data_get ifidx=0, name=sta_info, len=296, err=0
[ 2975.185908] brcmutil: data
[ 2975.185911] brcmutil: RxHdr:
[ 2975.185912] 00000000: 04 00 c8 00 00 00 00 00 3a e0 10 00 00 00 00 00  ........:.......
[ 2975.185915] 00000010: f0 72 ea 4c c7 a5 00 00 08 00 00 00 0c 12 18 24  .r.L...........$
[ 2975.185916] 00000000: 00 00 00 00 00 00 00 00 00 00 00 00              ............
[ 2975.185919] brcmfmac: brcmf_sdio_readframes processed 1 frames
[ 2975.185919] 00000020: 30 48 60 6c 00 00 00 00 00 00 00 00 58 0a 00 00  0H`l........X...
[ 2975.185923] 00000030: 00 00 00 00 8a c6 02 00 06 00 00 00 7b 68 00 00  ............{h..
[ 2975.185926] brcmfmac: brcmf_cfg80211_get_station version 4
[ 2975.185930] brcmfmac: brcmf_convert_sta_flags flags 0010e03a
[ 2975.185935] brcmfmac: brcmf_proto_bcdc_query_dcmd Enter, cmd 136 len 2048
[ 2975.185939] brcmfmac: brcmf_proto_bcdc_msg Enter
[ 2975.185943] brcmfmac: brcmf_sdio_bus_txctl Enter
[ 2975.185952] brcmfmac: brcmf_sdio_dpc Enter
[ 2975.185956] brcmfmac: brcmf_sdio_bus_sleep Enter: request WAKE currently WAKE
[ 2975.185960] brcmfmac: brcmf_sdio_clkctl Enter
[ 2975.185963] brcmfmac: brcmf_sdio_bus_sleep new state WAKE
[ 2975.185966] brcmfmac: brcmf_sdio_bus_sleep Exit: err=0
[ 2975.185986] brcmfmac: brcmf_sdio_tx_ctrlframe Enter
[ 2975.185990] brcmutil: Tx Frame:
[ 2975.185993] 00000000: 00 08 ff f7 fe 05 00 01 00 00 fe 01 9d 00 00 14  ................
[ 2975.185997] 00000010: 00 00 00 00 88 00 00 00 00 08 00 00 00 00 3b 0a  ..............;.
[ 2975.186000] 00000020: 00 00 00 00 00 08 00 00 00 00 00 00 00 00 00 00  ................
[ 2975.186004] 00000030: 00 00 00 00 00 00 00 00 00 00 00 00 00 00 00 00  ................
[ 2975.186007] 00000040: 00 00 00 00 00 00 00 00 00 00 00 00 00 00 00 00  ................
[ 2975.186011] 00000050: 00 00 00 00 00 00 00 00 00 00 00 00 00 00 00 00  ................
[ 2975.186014] 00000060: 00 00 00 00 00 00 00 00 00 00 00 00 00 00 00 00  ................
[ 2975.186017] 00000070: 00 00 00 00 00 00 00 00 00 00 00 00 00 00 00 00  ................
[ 2975.186021] 00000080: 00 00 00 00 00 00 00 00 00 00 00 00 00 00 00 00  ................
[ 2975.186024] 00000090: 00 00 00 00 00 00 00 00 00 00 00 00 00 00 00 00  ................
[ 2975.186027] 000000a0: 00 00 00 00 00 00 00 00 00 00 00 00 00 00 00 00  ................
[ 2975.186030] 000000b0: 00 00 00 00 00 00 00 00 00 00 00 00 00 00 00 00  ................
[ 2975.186033] 000000c0: 00 00 00 00 00 00 00 00 00 00 00 00 00 00 00 00  ................
[ 2975.186037] 000000d0: 00 00 00 00 00 00 00 00 00 00 00 00 00 00 00 00  ................
[ 2975.186040] 000000e0: 00 00 00 00 00 00 00 00 00 00 00 00 00 00 00 00  ................
[ 2975.186044] 000000f0: 00 00 00 00 00 00 00 00 00 00 00 00 00 00 00 00  ................
[ 2975.186047] 00000100: 00 00 00 00 00 00 00 00 00 00 00 00 00 00 00 00  ................
[ 2975.186050] 00000110: 00 00 00 00 00 00 00 00 00 00 00 00 00 00 00 00  ................
[ 2975.186054] 00000120: 00 00 00 00 00 00 00 00 00 00 00 00 00 00 00 00  ................
[ 2975.186057] 00000130: 00 00 00 00 00 00 00 00 00 00 00 00 00 00 00 00  ................
[ 2975.186061] 00000140: 00 00 00 00 00 00 00 00 00 00 00 00 00 00 00 00  ................
[ 2975.186064] 00000150: 00 00 00 00 00 00 00 00 00 00 00 00 00 00 00 00  ................
[ 2975.186068] 00000160: 00 00 00 00 00 00 00 00 00 00 00 00 00 00 00 00  ................
[ 2975.186071] 00000170: 00 00 00 00 00 00 00 00 00 00 00 00 00 00 00 00  ................
[ 2975.186074] 00000180: 00 00 00 00 00 00 00 00 00 00 00 00 00 00 00 00  ................
[ 2975.186077] 00000190: 00 00 00 00 00 00 00 00 00 00 00 00 00 00 00 00  ................
[ 2975.186081] 000001a0: 00 00 00 00 00 00 00 00 00 00 00 00 00 00 00 00  ................
[ 2975.186084] 000001b0: 00 00 00 00 00 00 00 00 00 00 00 00 00 00 00 00  ................
[ 2975.186087] 000001c0: 00 00 00 00 00 00 00 00 00 00 00 00 00 00 00 00  ................
[ 2975.186091] 000001d0: 00 00 00 00 00 00 00 00 00 00 00 00 00 00 00 00  ................
[ 2975.186094] 000001e0: 00 00 00 00 00 00 00 00 00 00 00 00 00 00 00 00  ................
[ 2975.186097] 000001f0: 00 00 00 00 00 00 00 00 00 00 00 00 00 00 00 00  ................
[ 2975.186100] 00000200: 00 00 00 00 00 00 00 00 00 00 00 00 00 00 00 00  ................
[ 2975.186104] 00000210: 00 00 00 00 00 00 00 00 00 00 00 00 00 00 00 00  ................
[ 2975.186107] 00000220: 00 00 00 00 00 00 00 00 00 00 00 00 00 00 00 00  ................
[ 2975.186111] 00000230: 00 00 00 00 00 00 00 00 00 00 00 00 00 00 00 00  ................
[ 2975.186114] 00000240: 00 00 00 00 00 00 00 00 00 00 00 00 00 00 00 00  ................
[ 2975.186117] 00000250: 00 00 00 00 00 00 00 00 00 00 00 00 00 00 00 00  ................
[ 2975.186120] 00000260: 00 00 00 00 00 00 00 00 00 00 00 00 00 00 00 00  ................
[ 2975.186124] 00000270: 00 00 00 00 00 00 00 00 00 00 00 00 00 00 00 00  ................
[ 2975.186127] 00000280: 00 00 00 00 00 00 00 00 00 00 00 00 00 00 00 00  ................
[ 2975.186130] 00000290: 00 00 00 00 00 00 00 00 00 00 00 00 00 00 00 00  ................
[ 2975.186134] 000002a0: 00 00 00 00 00 00 00 00 00 00 00 00 00 00 00 00  ................
[ 2975.186137] 000002b0: 00 00 00 00 00 00 00 00 00 00 00 00 00 00 00 00  ................
[ 2975.186140] 000002c0: 00 00 00 00 00 00 00 00 00 00 00 00 00 00 00 00  ................
[ 2975.186144] 000002d0: 00 00 00 00 00 00 00 00 00 00 00 00 00 00 00 00  ................
[ 2975.186147] 000002e0: 00 00 00 00 00 00 00 00 00 00 00 00 00 00 00 00  ................
[ 2975.186150] 000002f0: 00 00 00 00 00 00 00 00 00 00 00 00 00 00 00 00  ................
[ 2975.186153] 00000300: 00 00 00 00 00 00 00 00 00 00 00 00 00 00 00 00  ................
[ 2975.186156] 00000310: 00 00 00 00 00 00 00 00 00 00 00 00 00 00 00 00  ................
[ 2975.186160] 00000320: 00 00 00 00 00 00 00 00 00 00 00 00 00 00 00 00  ................
[ 2975.186163] 00000330: 00 00 00 00 00 00 00 00 00 00 00 00 00 00 00 00  ................
[ 2975.186166] 00000340: 00 00 00 00 00 00 00 00 00 00 00 00 00 00 00 00  ................
[ 2975.186170] 00000350: 00 00 00 00 00 00 00 00 00 00 00 00 00 00 00 00  ................
[ 2975.186173] 00000360: 00 00 00 00 00 00 00 00 00 00 00 00 00 00 00 00  ................
[ 2975.186176] 00000370: 00 00 00 00 00 00 00 00 00 00 00 00 00 00 00 00  ................
[ 2975.186179] 00000380: 00 00 00 00 00 00 00 00 00 00 00 00 00 00 00 00  ................
[ 2975.186182] 00000390: 00 00 00 00 00 00 00 00 00 00 00 00 00 00 00 00  ................
[ 2975.186186] 000003a0: 00 00 00 00 00 00 00 00 00 00 00 00 00 00 00 00  ................
[ 2975.186189] 000003b0: 00 00 00 00 00 00 00 00 00 00 00 00 00 00 00 00  ................
[ 2975.186192] 000003c0: 00 00 00 00 00 00 00 00 00 00 00 00 00 00 00 00  ................
[ 2975.186195] 000003d0: 00 00 00 00 00 00 00 00 00 00 00 00 00 00 00 00  ................
[ 2975.186199] 000003e0: 00 00 00 00 00 00 00 00 00 00 00 00 00 00 00 00  ................
[ 2975.186202] 000003f0: 00 00 00 00 00 00 00 00 00 00 00 00 00 00 00 00  ................
[ 2975.186205] 00000400: 00 00 00 00 00 00 00 00 00 00 00 00 00 00 00 00  ................
[ 2975.186209] 00000410: 00 00 00 00 00 00 00 00 00 00 00 00 00 00 00 00  ................
[ 2975.186212] 00000420: 00 00 00 00 00 00 00 00 00 00 00 00 00 00 00 00  ................
[ 2975.186215] 00000430: 00 00 00 00 00 00 00 00 00 00 00 00 00 00 00 00  ................
[ 2975.186218] 00000440: 00 00 00 00 00 00 00 00 00 00 00 00 00 00 00 00  ................
[ 2975.186222] 00000450: 00 00 00 00 00 00 00 00 00 00 00 00 00 00 00 00  ................
[ 2975.186225] 00000460: 00 00 00 00 00 00 00 00 00 00 00 00 00 00 00 00  ................
[ 2975.186228] 00000470: 00 00 00 00 00 00 00 00 00 00 00 00 00 00 00 00  ................
[ 2975.186231] 00000480: 00 00 00 00 00 00 00 00 00 00 00 00 00 00 00 00  ................
[ 2975.186235] 00000490: 00 00 00 00 00 00 00 00 00 00 00 00 00 00 00 00  ................
[ 2975.186238] 000004a0: 00 00 00 00 00 00 00 00 00 00 00 00 00 00 00 00  ................
[ 2975.186241] 000004b0: 00 00 00 00 00 00 00 00 00 00 00 00 00 00 00 00  ................
[ 2975.186244] 000004c0: 00 00 00 00 00 00 00 00 00 00 00 00 00 00 00 00  ................
[ 2975.186248] 000004d0: 00 00 00 00 00 00 00 00 00 00 00 00 00 00 00 00  ................
[ 2975.186251] 000004e0: 00 00 00 00 00 00 00 00 00 00 00 00 00 00 00 00  ................
[ 2975.186254] 000004f0: 00 00 00 00 00 00 00 00 00 00 00 00 00 00 00 00  ................
[ 2975.186257] 00000500: 00 00 00 00 00 00 00 00 00 00 00 00 00 00 00 00  ................
[ 2975.186261] 00000510: 00 00 00 00 00 00 00 00 00 00 00 00 00 00 00 00  ................
[ 2975.186264] 00000520: 00 00 00 00 00 00 00 00 00 00 00 00 00 00 00 00  ................
[ 2975.186267] 00000530: 00 00 00 00 00 00 00 00 00 00 00 00 00 00 00 00  ................
[ 2975.186270] 00000540: 00 00 00 00 00 00 00 00 00 00 00 00 00 00 00 00  ................
[ 2975.186274] 00000550: 00 00 00 00 00 00 00 00 00 00 00 00 00 00 00 00  ................
[ 2975.186277] 00000560: 00 00 00 00 00 00 00 00 00 00 00 00 00 00 00 00  ................
[ 2975.186280] 00000570: 00 00 00 00 00 00 00 00 00 00 00 00 00 00 00 00  ................
[ 2975.186284] 00000580: 00 00 00 00 00 00 00 00 00 00 00 00 00 00 00 00  ................
[ 2975.186287] 00000590: 00 00 00 00 00 00 00 00 00 00 00 00 00 00 00 00  ................
[ 2975.186290] 000005a0: 00 00 00 00 00 00 00 00 00 00 00 00 00 00 00 00  ................
[ 2975.186293] 000005b0: 00 00 00 00 00 00 00 00 00 00 00 00 00 00 00 00  ................
[ 2975.186297] 000005c0: 00 00 00 00 00 00 00 00 00 00 00 00 00 00 00 00  ................
[ 2975.186300] 000005d0: 00 00 00 00 00 00 00 00 00 00 00 00 00 00 00 00  ................
[ 2975.186304] 000005e0: 00 00 00 00 00 00 00 00 00 00 00 00 00 00 00 00  ................
[ 2975.186307] 000005f0: 00 00 00 00 00 00 00 00 00 00 00 00 00 00 00 00  ................
[ 2975.186310] 00000600: 00 00 00 00 00 00 00 00 00 00 00 00 00 00 00 00  ................
[ 2975.186314] 00000610: 00 00 00 00 00 00 00 00 00 00 00 00 00 00 00 00  ................
[ 2975.186317] 00000620: 00 00 00 00 00 00 00 00 00 00 00 00 00 00 00 00  ................
[ 2975.186320] 00000630: 00 00 00 00 00 00 00 00 00 00 00 00 00 00 00 00  ................
[ 2975.186324] 00000640: 00 00 00 00 00 00 00 00 00 00 00 00 00 00 00 00  ................
[ 2975.186327] 00000650: 00 00 00 00 00 00 00 00 00 00 00 00 00 00 00 00  ................
[ 2975.186330] 00000660: 00 00 00 00 00 00 00 00 00 00 00 00 00 00 00 00  ................
[ 2975.186333] 00000670: 00 00 00 00 00 00 00 00 00 00 00 00 00 00 00 00  ................
[ 2975.186337] 00000680: 00 00 00 00 00 00 00 00 00 00 00 00 00 00 00 00  ................
[ 2975.186340] 00000690: 00 00 00 00 00 00 00 00 00 00 00 00 00 00 00 00  ................
[ 2975.186343] 000006a0: 00 00 00 00 00 00 00 00 00 00 00 00 00 00 00 00  ................
[ 2975.186347] 000006b0: 00 00 00 00 00 00 00 00 00 00 00 00 00 00 00 00  ................
[ 2975.186350] 000006c0: 00 00 00 00 00 00 00 00 00 00 00 00 00 00 00 00  ................
[ 2975.186354] 000006d0: 00 00 00 00 00 00 00 00 00 00 00 00 00 00 00 00  ................
[ 2975.186357] 000006e0: 00 00 00 00 00 00 00 00 00 00 00 00 00 00 00 00  ................
[ 2975.186361] 000006f0: 00 00 00 00 00 00 00 00 00 00 00 00 00 00 00 00  ................
[ 2975.186364] 00000700: 00 00 00 00 00 00 00 00 00 00 00 00 00 00 00 00  ................
[ 2975.186367] 00000710: 00 00 00 00 00 00 00 00 00 00 00 00 00 00 00 00  ................
[ 2975.186371] 00000720: 00 00 00 00 00 00 00 00 00 00 00 00 00 00 00 00  ................
[ 2975.186374] 00000730: 00 00 00 00 00 00 00 00 00 00 00 00 00 00 00 00  ................
[ 2975.186377] 00000740: 00 00 00 00 00 00 00 00 00 00 00 00 00 00 00 00  ................
[ 2975.186380] 00000750: 00 00 00 00 00 00 00 00 00 00 00 00 00 00 00 00  ................
[ 2975.186384] 00000760: 00 00 00 00 00 00 00 00 00 00 00 00 00 00 00 00  ................
[ 2975.186387] 00000770: 00 00 00 00 00 00 00 00 00 00 00 00 00 00 00 00  ................
[ 2975.186390] 00000780: 00 00 00 00 00 00 00 00 00 00 00 00 00 00 00 00  ................
[ 2975.186393] 00000790: 00 00 00 00 00 00 00 00 00 00 00 00 00 00 00 00  ................
[ 2975.186397] 000007a0: 00 00 00 00 00 00 00 00 00 00 00 00 00 00 00 00  ................
[ 2975.186400] 000007b0: 00 00 00 00 00 00 00 00 00 00 00 00 00 00 00 00  ................
[ 2975.186403] 000007c0: 00 00 00 00 00 00 00 00 00 00 00 00 00 00 00 00  ................
[ 2975.186407] 000007d0: 00 00 00 00 00 00 00 00 00 00 00 00 00 00 00 00  ................
[ 2975.186410] 000007e0: 00 00 00 00 00 00 00 00 00 00 00 00 00 00 00 00  ................
[ 2975.186413] 000007f0: 00 00 00 00 00 00 00 00 00 00 00 00 00 00 00 00  ................
[ 2975.186585] brcmfmac: brcmf_sdio_bus_txctl ctrl_frame complete, err=0
[ 2975.186590] brcmfmac: brcmf_proto_bcdc_cmplt Enter
[ 2975.186593] brcmfmac: brcmf_sdio_bus_rxctl Enter
[ 2975.186698] brcmfmac: brcmf_sdiod_ib_irqhandler IB intr triggered
[ 2975.186702] brcmfmac: brcmf_sdio_isr Enter
[ 2975.186757] brcmfmac: brcmf_sdio_dpc Enter
[ 2975.186761] brcmfmac: brcmf_sdio_bus_sleep Enter: request WAKE currently WAKE
[ 2975.186765] brcmfmac: brcmf_sdio_clkctl Enter
[ 2975.186768] brcmfmac: brcmf_sdio_bus_sleep new state WAKE
[ 2975.186771] brcmfmac: brcmf_sdio_bus_sleep Exit: err=0
[ 2975.186775] brcmfmac: brcmf_sdio_readframes Enter
[ 2975.186779] brcmfmac: brcmf_sdiod_recv_pkt addr = 0x18000000, size = 64
[ 2975.186809] brcmutil: RxHdr:
[ 2975.186813] 00000000: 1c 08 e3 f7 60 00 00 0c 00 c6 00 00              ....`.......
[ 2975.186817] brcmfmac: brcmf_sdio_read_control Enter
[ 2975.186840] brcmfmac: brcmf_sdiod_recv_pkt addr = 0x18000000, size = 2048
[ 2975.186978] brcmutil: RxCtrl:
[ 2975.186982] 00000000: 1c 08 e3 f7 60 00 00 0c 00 c6 00 00 88 00 00 00  ....`...........
[ 2975.186986] 00000010: 00 08 00 00 00 00 3b 0a 00 00 00 00 5c 01 00 00  ......;.....\...
[ 2975.186989] 00000020: 6d 00 00 00 58 01 00 00 f0 72 ea 4c c7 a5 64 00  m...X....r.L..d.
[ 2975.186992] 00000030: 11 10 0c 44 61 63 68 73 68 75 6e 64 48 75 62 00  ...DachshundHub.
[ 2975.186996] 00000040: 00 00 00 00 00 00 00 00 00 00 00 00 00 00 00 00  ................
[ 2975.186999] 00000050: 00 00 00 00 08 00 00 00 8c 12 98 24 b0 48 60 6c  ...........$.H`l
[ 2975.187003] 00000060: 00 00 00 00 00 00 00 00 9b e0 00 00 02 00 ce ff  ................
[ 2975.187006] 00000070: b1 01 00 00 62 01 00 00 95 00 00 00 fa ff fa ff  ....b...........
[ 2975.187009] 00000080: 04 01 00 00 ff 00 00 00 00 00 00 00 00 00 00 00  ................
[ 2975.187013] 00000090: 00 00 00 00 80 00 00 00 d8 00 00 00 00 00 00 00  ................
[ 2975.187016] 000000a0: 00 0c 44 61 63 68 73 68 75 6e 64 48 75 62 01 08  ..DachshundHub..
[ 2975.187020] 000000b0: 8c 12 98 24 b0 48 60 6c 03 01 95 05 04 01 02 01  ...$.H`l........
[ 2975.187023] 000000c0: 00 07 12 41 55 20 24 04 17 34 04 14 64 05 1b 84  ...AU $..4..d...
[ 2975.187027] 000000d0: 04 1b 95 05 24 30 14 01 00 00 0f ac 04 01 00 00  ....$0..........
[ 2975.187030] 000000e0: 0f ac 04 01 00 00 0f ac 02 0c 00 46 05 72 00 00  ...........F.r..
[ 2975.187033] 000000f0: 00 00 3b 02 80 00 2d 1a ef 01 1b ff ff 00 00 00  ..;...-.........
[ 2975.187037] 00000100: 00 00 00 00 00 00 00 01 00 00 00 00 00 00 00 00  ................
[ 2975.187040] 00000110: 00 00 3d 16 95 05 06 00 00 00 00 00 00 00 00 00  ..=.............
[ 2975.187044] 00000120: 00 00 00 00 00 00 00 00 00 00 7f 09 04 00 08 02  ................
[ 2975.187047] 00000130: 00 00 00 40 40 bf 0c b2 39 81 33 fa ff 00 00 fa  ...@@...9.3.....
[ 2975.187050] 00000140: ff 00 00 c0 05 01 9b 00 fc ff c3 04 02 48 48 48  .............HHH
[ 2975.187054] 00000150: dd 18 00 50 f2 02 01 01 00 00 03 a4 00 00 27 a4  ...P..........'.
[ 2975.187057] 00000160: 00 00 42 43 5e 00 62 32 2f 00 dd 0c f4 f5 e8 05  ..BC^.b2/.......
[ 2975.187061] 00000170: 06 01 00 00 00 00 00 13 00 00 00 00 00 00 00 00  ................
[ 2975.187064] 00000180: 00 00 00 00 00 00 00 00 00 00 00 00 00 00 00 00  ................
[ 2975.187067] 00000190: 00 00 00 00 00 00 00 00 00 00 00 00 00 00 00 00  ................
[ 2975.187071] 000001a0: 00 00 00 00 00 00 00 00 00 00 00 00 00 00 00 00  ................
[ 2975.187074] 000001b0: 00 00 00 00 00 00 00 00 00 00 00 00 00 00 00 00  ................
[ 2975.187077] 000001c0: 00 00 00 00 00 00 00 00 00 00 00 00 00 00 00 00  ................
[ 2975.187081] 000001d0: 00 00 00 00 00 00 00 00 00 00 00 00 00 00 00 00  ................
[ 2975.187084] 000001e0: 00 00 00 00 00 00 00 00 00 00 00 00 00 00 00 00  ................
[ 2975.187087] 000001f0: 00 00 00 00 00 00 00 00 00 00 00 00 00 00 00 00  ................
[ 2975.187090] 00000200: 00 00 00 00 00 00 00 00 00 00 00 00 00 00 00 00  ................
[ 2975.187094] 00000210: 00 00 00 00 00 00 00 00 00 00 00 00 00 00 00 00  ................
[ 2975.187097] 00000220: 00 00 00 00 00 00 00 00 00 00 00 00 00 00 00 00  ................
[ 2975.187100] 00000230: 00 00 00 00 00 00 00 00 00 00 00 00 00 00 00 00  ................
[ 2975.187103] 00000240: 00 00 00 00 00 00 00 00 00 00 00 00 00 00 00 00  ................
[ 2975.187106] 00000250: 00 00 00 00 00 00 00 00 00 00 00 00 00 00 00 00  ................
[ 2975.187110] 00000260: 00 00 00 00 00 00 00 00 00 00 00 00 00 00 00 00  ................
[ 2975.187113] 00000270: 00 00 00 00 00 00 00 00 00 00 00 00 00 00 00 00  ................
[ 2975.187116] 00000280: 00 00 00 00 00 00 00 00 00 00 00 00 00 00 00 00  ................
[ 2975.187119] 00000290: 00 00 00 00 00 00 00 00 00 00 00 00 00 00 00 00  ................
[ 2975.187122] 000002a0: 00 00 00 00 00 00 00 00 00 00 00 00 00 00 00 00  ................
[ 2975.187126] 000002b0: 00 00 00 00 00 00 00 00 00 00 00 00 00 00 00 00  ................
[ 2975.187129] 000002c0: 00 00 00 00 00 00 00 00 00 00 00 00 00 00 00 00  ................
[ 2975.187132] 000002d0: 00 00 00 00 00 00 00 00 00 00 00 00 00 00 00 00  ................
[ 2975.187135] 000002e0: 00 00 00 00 00 00 00 00 00 00 00 00 00 00 00 00  ................
[ 2975.187139] 000002f0: 00 00 00 00 00 00 00 00 00 00 00 00 00 00 00 00  ................
[ 2975.187142] 00000300: 00 00 00 00 00 00 00 00 00 00 00 00 00 00 00 00  ................
[ 2975.187145] 00000310: 00 00 00 00 00 00 00 00 00 00 00 00 00 00 00 00  ................
[ 2975.187149] 00000320: 00 00 00 00 00 00 00 00 00 00 00 00 00 00 00 00  ................
[ 2975.187152] 00000330: 00 00 00 00 00 00 00 00 00 00 00 00 00 00 00 00  ................
[ 2975.187156] 00000340: 00 00 00 00 00 00 00 00 00 00 00 00 00 00 00 00  ................
[ 2975.187159] 00000350: 00 00 00 00 00 00 00 00 00 00 00 00 00 00 00 00  ................
[ 2975.187162] 00000360: 00 00 00 00 00 00 00 00 00 00 00 00 00 00 00 00  ................
[ 2975.187165] 00000370: 00 00 00 00 00 00 00 00 00 00 00 00 00 00 00 00  ................
[ 2975.187169] 00000380: 00 00 00 00 00 00 00 00 00 00 00 00 00 00 00 00  ................
[ 2975.187172] 00000390: 00 00 00 00 00 00 00 00 00 00 00 00 00 00 00 00  ................
[ 2975.187175] 000003a0: 00 00 00 00 00 00 00 00 00 00 00 00 00 00 00 00  ................
[ 2975.187178] 000003b0: 00 00 00 00 00 00 00 00 00 00 00 00 00 00 00 00  ................
[ 2975.187182] 000003c0: 00 00 00 00 00 00 00 00 00 00 00 00 00 00 00 00  ................
[ 2975.187185] 000003d0: 00 00 00 00 00 00 00 00 00 00 00 00 00 00 00 00  ................
[ 2975.187188] 000003e0: 00 00 00 00 00 00 00 00 00 00 00 00 00 00 00 00  ................
[ 2975.187192] 000003f0: 00 00 00 00 00 00 00 00 00 00 00 00 00 00 00 00  ................
[ 2975.187195] 00000400: 00 00 00 00 00 00 00 00 00 00 00 00 00 00 00 00  ................
[ 2975.187198] 00000410: 00 00 00 00 00 00 00 00 00 00 00 00 00 00 00 00  ................
[ 2975.187201] 00000420: 00 00 00 00 00 00 00 00 00 00 00 00 00 00 00 00  ................
[ 2975.187204] 00000430: 00 00 00 00 00 00 00 00 00 00 00 00 00 00 00 00  ................
[ 2975.187208] 00000440: 00 00 00 00 00 00 00 00 00 00 00 00 00 00 00 00  ................
[ 2975.187211] 00000450: 00 00 00 00 00 00 00 00 00 00 00 00 00 00 00 00  ................
[ 2975.187214] 00000460: 00 00 00 00 00 00 00 00 00 00 00 00 00 00 00 00  ................
[ 2975.187218] 00000470: 00 00 00 00 00 00 00 00 00 00 00 00 00 00 00 00  ................
[ 2975.187221] 00000480: 00 00 00 00 00 00 00 00 00 00 00 00 00 00 00 00  ................
[ 2975.187224] 00000490: 00 00 00 00 00 00 00 00 00 00 00 00 00 00 00 00  ................
[ 2975.187227] 000004a0: 00 00 00 00 00 00 00 00 00 00 00 00 00 00 00 00  ................
[ 2975.187230] 000004b0: 00 00 00 00 00 00 00 00 00 00 00 00 00 00 00 00  ................
[ 2975.187234] 000004c0: 00 00 00 00 00 00 00 00 00 00 00 00 00 00 00 00  ................
[ 2975.187237] 000004d0: 00 00 00 00 00 00 00 00 00 00 00 00 00 00 00 00  ................
[ 2975.187240] 000004e0: 00 00 00 00 00 00 00 00 00 00 00 00 00 00 00 00  ................
[ 2975.187244] 000004f0: 00 00 00 00 00 00 00 00 00 00 00 00 00 00 00 00  ................
[ 2975.187247] 00000500: 00 00 00 00 00 00 00 00 00 00 00 00 00 00 00 00  ................
[ 2975.187250] 00000510: 00 00 00 00 00 00 00 00 00 00 00 00 00 00 00 00  ................
[ 2975.187253] 00000520: 00 00 00 00 00 00 00 00 00 00 00 00 00 00 00 00  ................
[ 2975.187256] 00000530: 00 00 00 00 00 00 00 00 00 00 00 00 00 00 00 00  ................
[ 2975.187260] 00000540: 00 00 00 00 00 00 00 00 00 00 00 00 00 00 00 00  ................
[ 2975.187263] 00000550: 00 00 00 00 00 00 00 00 00 00 00 00 00 00 00 00  ................
[ 2975.187266] 00000560: 00 00 00 00 00 00 00 00 00 00 00 00 00 00 00 00  ................
[ 2975.187270] 00000570: 00 00 00 00 00 00 00 00 00 00 00 00 00 00 00 00  ................
[ 2975.187273] 00000580: 00 00 00 00 00 00 00 00 00 00 00 00 00 00 00 00  ................
[ 2975.187276] 00000590: 00 00 00 00 00 00 00 00 00 00 00 00 00 00 00 00  ................
[ 2975.187279] 000005a0: 00 00 00 00 00 00 00 00 00 00 00 00 00 00 00 00  ................
[ 2975.187282] 000005b0: 00 00 00 00 00 00 00 00 00 00 00 00 00 00 00 00  ................
[ 2975.187286] 000005c0: 00 00 00 00 00 00 00 00 00 00 00 00 00 00 00 00  ................
[ 2975.187289] 000005d0: 00 00 00 00 00 00 00 00 00 00 00 00 00 00 00 00  ................
[ 2975.187292] 000005e0: 00 00 00 00 00 00 00 00 00 00 00 00 00 00 00 00  ................
[ 2975.187296] 000005f0: 00 00 00 00 00 00 00 00 00 00 00 00 00 00 00 00  ................
[ 2975.187299] 00000600: 00 00 00 00 00 00 00 00 00 00 00 00 00 00 00 00  ................
[ 2975.187302] 00000610: 00 00 00 00 00 00 00 00 00 00 00 00 00 00 00 00  ................
[ 2975.187306] 00000620: 00 00 00 00 00 00 00 00 00 00 00 00 00 00 00 00  ................
[ 2975.187309] 00000630: 00 00 00 00 00 00 00 00 00 00 00 00 00 00 00 00  ................
[ 2975.187312] 00000640: 00 00 00 00 00 00 00 00 00 00 00 00 00 00 00 00  ................
[ 2975.187316] 00000650: 00 00 00 00 00 00 00 00 00 00 00 00 00 00 00 00  ................
[ 2975.187319] 00000660: 00 00 00 00 00 00 00 00 00 00 00 00 00 00 00 00  ................
[ 2975.187322] 00000670: 00 00 00 00 00 00 00 00 00 00 00 00 00 00 00 00  ................
[ 2975.187326] 00000680: 00 00 00 00 00 00 00 00 00 00 00 00 00 00 00 00  ................
[ 2975.187329] 00000690: 00 00 00 00 1c 01 00 00 9c 6d 21 00 5d 00 00 00  .........m!.]...
[ 2975.187332] 000006a0: 64 67 61 1c 04 01 00 00 9c 6d 21 00 5d 00 00 00  dga......m!.]...
[ 2975.187336] 000006b0: 74 67 61 19 ef be ad de aa 00 00 00 00 00 00 00  tga.............
[ 2975.187340] 000006c0: 5c 00 00 00 8c 8c 00 48 5f 01 00 00 00 00 00 00  \......H_.......
[ 2975.187343] 000006d0: 00 00 00 00 d0 7d 21 00 00 00 00 00 fc 5f 2e 9b  .....}!......_..
[ 2975.187346] 000006e0: 00 00 00 00 00 00 00 00 00 00 00 00 00 00 00 00  ................
[ 2975.187350] 000006f0: 24 01 00 00 9c 6d 21 00 1c 01 00 00 9c 6d 21 00  $....m!......m!.
[ 2975.187353] 00000700: 5c 00 00 00 c8 67 61 1c ef be ad de 9a 00 07 00  \....ga.........
[ 2975.187357] 00000710: 00 00 00 00 00 00 00 00 84 80 00 00 00 00 00 10  ................
[ 2975.187360] 00000720: 00 00 00 00 00 00 00 00 d0 7d 21 00 00 00 00 00  .........}!.....
[ 2975.187363] 00000730: 67 98 31 9e 00 00 00 00 80 44 02 00 03 00 5f 01  g.1......D...._.
[ 2975.187367] 00000740: 05 09 00 00 47 80 10 00 03 00 06 00 80 34 02 00  ....G........4..
[ 2975.187370] 00000750: 03 00 ea 00 05 09 00 00 47 80 10 00 02 00 06 00  ........G.......
[ 2975.187373] 00000760: 80 24 02 00 03 00 af 00 25 0a 00 00 50 04 20 20  .$......%...P.  
[ 2975.187376] 00000770: 26 15 3f 14 00 00 00 00 00 00 00 00 00 00 00 00  &.?.............
[ 2975.187380] 00000780: 00 00 02 00 00 00 00 00 80 4a 00 00 9b e0 1a 00  .........J......
[ 2975.187383] 00000790: 1e 00 1b 6e 00 00 00 00 00 00 45 00 00 00 04 00  ...n......E.....
[ 2975.187386] 000007a0: c9 03 00 00 00 00 03 00 30 00 00 00 00 00 45 00  ........0.....E.
[ 2975.187390] 000007b0: 00 00 00 00 cb 03 00 00 00 00 03 00 58 00 00 00  ............X...
[ 2975.187393] 000007c0: 9c 6d 21 00 5c 00 00 00 8c 68 e1 03 ef be ad de  .m!.\....h......
[ 2975.187397] 000007d0: 10 00 00 00 00 00 00 00 00 00 00 00 00 00 00 00  ................
[ 2975.187400] 000007e0: 00 00 00 00 00 00 00 00 00 00 00 00 00 00 00 00  ................
[ 2975.187403] 000007f0: 00 00 00 00 00 00 00 00 00 00 00 00 10 00 ef ff  ................
[ 2975.187406] 00000800: 31 83 6e 0c 00 a3 00 00 08 06 d0 00 88 a2 9e 66  1.n............f
[ 2975.187410] 00000810: 59 10 f0 72 ea 4c c7 a5 00 00 07 00              Y..r.L......
[ 2975.187416] brcmfmac: brcmf_sdiod_recv_pkt addr = 0x18000000, size = 64
[ 2975.187426] brcmfmac: brcmf_sdio_bus_rxctl resumed on rxctl frame, got 2064 expected 2064
[ 2975.187442] brcmfmac: brcmf_fil_cmd_data_get ifidx=0, cmd=136, len=2048, err=0
[ 2975.187446] brcmutil: RxHdr:
[ 2975.187447] brcmutil: data
[ 2975.187449] 00000000: 5c 01 00 00 6d 00 00 00 58 01 00 00 f0 72 ea 4c  \...m...X....r.L
[ 2975.187450] 00000000: 00 00 00 00 00 00 00 00 00 00 00 00              ............
[ 2975.187454] brcmfmac: brcmf_sdio_readframes processed 1 frames
[ 2975.187454] 00000010: c7 a5 64 00 11 10 0c 44 61 63 68 73 68 75 6e 64  ..d....Dachshund
[ 2975.187457] 00000020: 48 75 62 00 00 00 00 00 00 00 00 00 00 00 00 00  Hub.............
[ 2975.187460] 00000030: 00 00 00 00 00 00 00 00 08 00 00 00 8c 12 98 24  ...............$
[ 2975.187465] brcmfmac: brcmf_proto_bcdc_query_dcmd Enter, cmd 127 len 12
[ 2975.187469] brcmfmac: brcmf_proto_bcdc_msg Enter
[ 2975.187472] brcmfmac: brcmf_sdio_bus_txctl Enter
[ 2975.187482] brcmfmac: brcmf_sdio_dpc Enter
[ 2975.187487] brcmfmac: brcmf_sdio_bus_sleep Enter: request WAKE currently WAKE
[ 2975.187491] brcmfmac: brcmf_sdio_clkctl Enter
[ 2975.187494] brcmfmac: brcmf_sdio_bus_sleep new state WAKE
[ 2975.187497] brcmfmac: brcmf_sdio_bus_sleep Exit: err=0
[ 2975.187517] brcmfmac: brcmf_sdio_tx_ctrlframe Enter
[ 2975.187521] brcmutil: Tx Frame:
[ 2975.187524] 00000000: 30 00 cf ff 2c 00 00 01 00 00 00 00 9e 00 00 14  0...,...........
[ 2975.187528] 00000010: 00 00 00 00 7f 00 00 00 0c 00 00 00 00 00 3c 0a  ..............<.
[ 2975.187531] 00000020: 00 00 00 00 00 00 00 00 00 00 00 00 00 00 00 00  ................
[ 2975.187569] brcmfmac: brcmf_sdio_bus_txctl ctrl_frame complete, err=0
[ 2975.187573] brcmfmac: brcmf_proto_bcdc_cmplt Enter
[ 2975.187585] brcmfmac: brcmf_sdio_bus_rxctl Enter
[ 2975.187610] brcmfmac: brcmf_sdiod_ib_irqhandler IB intr triggered
[ 2975.187614] brcmfmac: brcmf_sdio_isr Enter
[ 2975.187669] brcmfmac: brcmf_sdio_dpc Enter
[ 2975.187674] brcmfmac: brcmf_sdio_bus_sleep Enter: request WAKE currently WAKE
[ 2975.187677] brcmfmac: brcmf_sdio_clkctl Enter
[ 2975.187680] brcmfmac: brcmf_sdio_bus_sleep new state WAKE
[ 2975.187683] brcmfmac: brcmf_sdio_bus_sleep Exit: err=0
[ 2975.187688] brcmfmac: brcmf_sdio_readframes Enter
[ 2975.187692] brcmfmac: brcmf_sdiod_recv_pkt addr = 0x18000000, size = 64
[ 2975.187722] brcmutil: RxHdr:
[ 2975.187725] 00000000: 28 00 d7 ff 61 00 00 0c 00 c7 00 00              (...a.......
[ 2975.187729] brcmfmac: brcmf_sdio_read_control Enter
[ 2975.187745] brcmutil: RxCtrl:
[ 2975.187748] 00000000: 28 00 d7 ff 61 00 00 0c 00 c7 00 00 7f 00 00 00  (...a...........
[ 2975.187751] 00000010: 0c 00 00 00 00 00 3c 0a 00 00 00 00 ce ff ff ff  ......<.........
[ 2975.187755] 00000020: 00 00 00 00 00 00 00 00                          ........
[ 2975.187760] brcmfmac: brcmf_sdiod_recv_pkt addr = 0x18000000, size = 64
[ 2975.187768] brcmfmac: brcmf_sdio_bus_rxctl resumed on rxctl frame, got 28 expected 28
[ 2975.187773] brcmfmac: brcmf_fil_cmd_data_get ifidx=0, cmd=127, len=12, err=0
[ 2975.187787] brcmutil: data
[ 2975.187791] brcmutil: RxHdr:
[ 2975.187791] 00000000: ce ff ff ff 00 00 00 00 00 00 00 00              ............
[ 2975.187794] brcmfmac: brcmf_cfg80211_get_station RSSI -50 dBm
[ 2975.187795] 00000000: 00 00 00 00 00 00 00 00 00 00 00 00              ............
[ 2975.187799] brcmfmac: brcmf_sdio_readframes processed 1 frames
[ 2975.187800] brcmfmac: brcmf_cfg80211_get_station Exit
[ 2975.190528] brcmfmac: brcmf_sdiod_ib_irqhandler IB intr triggered
[ 2975.190545] brcmfmac: brcmf_sdio_isr Enter
[ 2975.190637] brcmfmac: brcmf_sdio_dpc Enter
[ 2975.190645] brcmfmac: brcmf_sdio_bus_sleep Enter: request WAKE currently WAKE
[ 2975.190650] brcmfmac: brcmf_sdio_clkctl Enter
[ 2975.190655] brcmfmac: brcmf_sdio_bus_sleep new state WAKE
[ 2975.190658] brcmfmac: brcmf_sdio_bus_sleep Exit: err=0
[ 2975.190663] brcmfmac: brcmf_sdio_readframes Enter
[ 2975.190671] brcmfmac: brcmf_sdiod_recv_pkt addr = 0x18000000, size = 64
[ 2975.190708] brcmutil: RxHdr:
[ 2975.190715] 00000000: 78 00 87 ff 62 02 00 0e 00 c7 00 00              x...b.......
[ 2975.190721] brcmfmac: brcmf_sdiod_recv_pkt addr = 0x18000000, size = 56
[ 2975.190751] brcmutil: Rx Data:
[ 2975.190755] 00000000: 78 00 87 ff 62 02 00 0e 00 c7 00 00 00 00 20 05  x...b......... .
[ 2975.190759] 00000010: 00 00 88 a2 9e 66 59 10 62 72 58 ed 47 5b 08 00  .....fY.brX.G[..
[ 2975.190763] 00000020: 45 ba 00 58 00 00 40 00 40 06 0b e3 c0 a8 56 18  E..X..@.@.....V.
[ 2975.190766] 00000030: c0 a8 56 9a fc c6 00 16 ce 28 ca 5a 7d d8 e8 87  ..V......(.Z}...
[ 2975.190770] 00000040: 80 18 08 00 2b 8e 00 00 01 01 08 0a 25 bd b9 7d  ....+.......%..}
[ 2975.190773] 00000050: d0 be 42 da 00 00 00 10 f0 31 3a 35 e7 c5 04 a7  ..B......1:5....
[ 2975.190777] 00000060: aa 6a 26 2e af e1 bf 4a 46 bd 7c 83 ee 65 8f 9b  .j&....JF.|..e..
[ 2975.190780] 00000070: 8c 99 eb 39 1f ea f6 c1                          ...9....
[ 2975.190784] brcmfmac: brcmf_rx_frame Enter: mmc1:0001:1: rxp=0000000094b0a987
[ 2975.190791] brcmfmac: brcmf_proto_bcdc_hdrpull Enter
[ 2975.190795] brcmfmac: brcmf_fws_hdrpull enter: ifidx 0, skblen 102, sig 0
[ 2975.190801] brcmfmac: brcmf_netif_rx rx proto=0x800
[ 2975.190852] brcmfmac: brcmf_sdiod_recv_pkt addr = 0x18000000, size = 64
[ 2975.190892] brcmutil: RxHdr:
[ 2975.190897] 00000000: 00 00 00 00 00 00 00 00 00 00 00 00              ............
[ 2975.190902] brcmfmac: brcmf_sdio_readframes processed 1 frames
[ 2975.191067] brcmfmac: brcmf_netdev_start_xmit Enter, bsscfgidx=0
[ 2975.191076] brcmfmac: brcmf_proto_bcdc_hdrpush Enter
[ 2975.191080] brcmfmac: brcmf_sdio_bus_txdata Enter: pkt: data 00000000cce54562 len 106
[ 2975.191086] brcmfmac: brcmf_sdio_bus_txdata deferring pktq len 0
[ 2975.191108] brcmfmac: brcmf_sdio_dpc Enter
[ 2975.191112] brcmfmac: brcmf_sdio_bus_sleep Enter: request WAKE currently WAKE
[ 2975.191116] brcmfmac: brcmf_sdio_clkctl Enter
[ 2975.191120] brcmfmac: brcmf_sdio_bus_sleep new state WAKE
[ 2975.191124] brcmfmac: brcmf_sdio_bus_sleep Exit: err=0
[ 2975.191130] brcmfmac: brcmf_sdio_sendfromq Enter
[ 2975.191135] brcmfmac: brcmf_sdio_txpkt Enter
[ 2975.191138] brcmutil: Tx Frame:
[ 2975.191142] 00000000: 84 00 7b ff 80 00 00 01 00 00 00 00 9f 02 00 1a  ..{.............
[ 2975.191146] 00000010: 00 00 00 00 00 00 00 00 00 00 20 06 00 00 62 72  .......... ...br
[ 2975.191149] 00000020: 58 ed 47 5b 88 a2 9e 66 59 10 08 00 45 12 00 58  X.G[...fY...E..X
[ 2975.191153] 00000030: 68 4c 40 00 40 06 a4 3e c0 a8 56 9a c0 a8 56 18  hL@.@..>..V...V.
[ 2975.191158] 00000040: 00 16 fc c6 7d d8 e8 87 ce 28 ca 7e 80 18 02 58  ....}....(.~...X
[ 2975.191161] 00000050: 33 04 00 00 01 01 08 0a d0 be 42 f2 25 bd b9 7d  3.........B.%..}
[ 2975.191165] 00000060: 00 00 00 10 d3 4b 0e b3 92 b3 e5 52 5d 92 31 ac  .....K.....R].1.
[ 2975.191168] 00000070: 84 fc 91 b9 b9 18 23 ce 79 b6 24 fd 3f 0d 09 90  ......#.y.$.?...
[ 2975.191172] 00000080: 05 29 5a f6                                      .)Z.
[ 2975.191176] brcmfmac: brcmf_sdiod_send_pkt addr = 0x18000000, size = 1
[ 2975.191227] brcmfmac: brcmf_proto_bcdc_hdrpull Enter
[ 2975.198177] brcmfmac: brcmf_sdiod_ib_irqhandler IB intr triggered
[ 2975.198192] brcmfmac: brcmf_sdio_isr Enter
[ 2975.201618] brcmfmac: brcmf_sdio_dpc Enter
[ 2975.201628] brcmfmac: brcmf_sdio_bus_sleep Enter: request WAKE currently WAKE
[ 2975.201632] brcmfmac: brcmf_sdio_clkctl Enter
[ 2975.201636] brcmfmac: brcmf_sdio_bus_sleep new state WAKE
[ 2975.201640] brcmfmac: brcmf_sdio_bus_sleep Exit: err=0
[ 2975.201644] brcmfmac: brcmf_sdio_readframes Enter
[ 2975.201650] brcmfmac: brcmf_sdiod_recv_pkt addr = 0x18000000, size = 64
[ 2975.201685] brcmutil: RxHdr:
[ 2975.201691] 00000000: 54 00 ab ff 63 02 00 0e 00 c8 00 00              T...c.......
[ 2975.201697] brcmfmac: brcmf_sdiod_recv_pkt addr = 0x18000000, size = 24
[ 2975.201724] brcmutil: Rx Data:
[ 2975.201728] 00000000: 54 00 ab ff 63 02 00 0e 00 c8 00 00 00 00 20 05  T...c......... .
[ 2975.201732] 00000010: 00 00 88 a2 9e 66 59 10 62 72 58 ed 47 5b 08 00  .....fY.brX.G[..
[ 2975.201736] 00000020: 45 b8 00 34 00 00 40 00 40 06 0c 09 c0 a8 56 18  E..4..@.@.....V.
[ 2975.201739] 00000030: c0 a8 56 9a fc c6 00 16 ce 28 ca 7e 7d d8 e8 ab  ..V......(.~}...
[ 2975.201743] 00000040: 80 10 08 00 51 bd 00 00 01 01 08 0a 25 bd b9 85  ....Q.......%...
[ 2975.201746] 00000050: d0 be 42 f2                                      ..B.
[ 2975.201750] brcmfmac: brcmf_rx_frame Enter: mmc1:0001:1: rxp=00000000a38d46ca
[ 2975.201756] brcmfmac: brcmf_proto_bcdc_hdrpull Enter
[ 2975.201760] brcmfmac: brcmf_fws_hdrpull enter: ifidx 0, skblen 66, sig 0
[ 2975.201766] brcmfmac: brcmf_netif_rx rx proto=0x800
[ 2975.201807] brcmfmac: brcmf_sdiod_recv_pkt addr = 0x18000000, size = 64
[ 2975.201838] brcmutil: RxHdr:
[ 2975.201842] 00000000: 00 00 00 00 00 00 00 00 00 00 00 00              ............
[ 2975.201846] brcmfmac: brcmf_sdio_readframes processed 1 frames
[ 2975.213278] brcmfmac: brcmf_sdiod_ib_irqhandler IB intr triggered
[ 2975.213287] brcmfmac: brcmf_sdio_isr Enter
[ 2975.213348] brcmfmac: brcmf_sdio_dpc Enter
[ 2975.213354] brcmfmac: brcmf_sdio_bus_sleep Enter: request WAKE currently WAKE
[ 2975.213358] brcmfmac: brcmf_sdio_clkctl Enter
[ 2975.213362] brcmfmac: brcmf_sdio_bus_sleep new state WAKE
[ 2975.213365] brcmfmac: brcmf_sdio_bus_sleep Exit: err=0
[ 2975.213369] brcmfmac: brcmf_sdio_readframes Enter
[ 2975.213375] brcmfmac: brcmf_sdiod_recv_pkt addr = 0x18000000, size = 64
[ 2975.213408] brcmutil: RxHdr:
[ 2975.213412] 00000000: 78 00 87 ff 64 02 00 0e 00 c8 00 00              x...d.......
[ 2975.213417] brcmfmac: brcmf_sdiod_recv_pkt addr = 0x18000000, size = 56
[ 2975.213446] brcmutil: Rx Data:
[ 2975.213450] 00000000: 78 00 87 ff 64 02 00 0e 00 c8 00 00 00 00 20 05  x...d......... .
[ 2975.213454] 00000010: 00 00 88 a2 9e 66 59 10 62 72 58 ed 47 5b 08 00  .....fY.brX.G[..
[ 2975.213457] 00000020: 45 ba 00 58 00 00 40 00 40 06 0b e3 c0 a8 56 18  E..X..@.@.....V.
[ 2975.213461] 00000030: c0 a8 56 9a fc c6 00 16 ce 28 ca 7e 7d d8 e8 ab  ..V......(.~}...
[ 2975.213465] 00000040: 80 18 08 00 8b b1 00 00 01 01 08 0a 25 bd b9 94  ............%...
[ 2975.213468] 00000050: d0 be 42 f2 00 00 00 10 00 fc b6 fe c4 f0 16 01  ..B.............
[ 2975.213472] 00000060: 00 6e bb 58 dd 0f 8b 37 8f f1 87 a9 5a 3a 05 24  .n.X...7....Z:.$
[ 2975.213476] 00000070: 2f 3b ca 5e 05 ba 98 78                          /;.^...x
[ 2975.213479] brcmfmac: brcmf_rx_frame Enter: mmc1:0001:1: rxp=00000000a38d46ca
[ 2975.213485] brcmfmac: brcmf_proto_bcdc_hdrpull Enter
[ 2975.213489] brcmfmac: brcmf_fws_hdrpull enter: ifidx 0, skblen 102, sig 0
[ 2975.213494] brcmfmac: brcmf_netif_rx rx proto=0x800
[ 2975.213529] brcmfmac: brcmf_sdiod_recv_pkt addr = 0x18000000, size = 64
[ 2975.213567] brcmutil: RxHdr:
[ 2975.213572] 00000000: 00 00 00 00 00 00 00 00 00 00 00 00              ............
[ 2975.213576] brcmfmac: brcmf_sdio_readframes processed 1 frames
[ 2975.213736] brcmfmac: brcmf_netdev_start_xmit Enter, bsscfgidx=0
[ 2975.213743] brcmfmac: brcmf_proto_bcdc_hdrpush Enter
[ 2975.213748] brcmfmac: brcmf_sdio_bus_txdata Enter: pkt: data 00000000517a6e67 len 106
[ 2975.213753] brcmfmac: brcmf_sdio_bus_txdata deferring pktq len 0
[ 2975.213769] brcmfmac: brcmf_sdio_dpc Enter
[ 2975.213774] brcmfmac: brcmf_sdio_bus_sleep Enter: request WAKE currently WAKE
[ 2975.213778] brcmfmac: brcmf_sdio_clkctl Enter
[ 2975.213782] brcmfmac: brcmf_sdio_bus_sleep new state WAKE
[ 2975.213785] brcmfmac: brcmf_sdio_bus_sleep Exit: err=0
[ 2975.213790] brcmfmac: brcmf_sdio_sendfromq Enter
[ 2975.213794] brcmfmac: brcmf_sdio_txpkt Enter
[ 2975.213798] brcmutil: Tx Frame:
[ 2975.213801] 00000000: 84 00 7b ff 80 00 00 01 00 00 00 00 a0 02 00 1a  ..{.............
[ 2975.213804] 00000010: 00 00 00 00 00 00 00 00 00 00 20 06 00 00 62 72  .......... ...br
[ 2975.213808] 00000020: 58 ed 47 5b 88 a2 9e 66 59 10 08 00 45 12 00 58  X.G[...fY...E..X
[ 2975.213811] 00000030: 68 4d 40 00 40 06 a4 3d c0 a8 56 9a c0 a8 56 18  hM@.@..=..V...V.
[ 2975.213815] 00000040: 00 16 fc c6 7d d8 e8 ab ce 28 ca a2 80 18 02 58  ....}....(.....X
[ 2975.213818] 00000050: b5 9a 00 00 01 01 08 0a d0 be 43 09 25 bd b9 94  ..........C.%...
[ 2975.213822] 00000060: 00 00 00 10 50 86 f4 89 f1 a2 6f 23 db 99 60 d4  ....P.....o#..`.
[ 2975.213825] 00000070: c8 b7 c2 d3 cb 94 d3 87 78 54 66 fd e4 56 bc 8a  ........xTf..V..
[ 2975.213828] 00000080: 09 e5 0a 3f                                      ...?
[ 2975.213832] brcmfmac: brcmf_sdiod_send_pkt addr = 0x18000000, size = 1
[ 2975.213882] brcmfmac: brcmf_proto_bcdc_hdrpull Enter
[ 2975.219254] brcmfmac: brcmf_sdiod_ib_irqhandler IB intr triggered
[ 2975.219275] brcmfmac: brcmf_sdio_isr Enter
[ 2975.219360] brcmfmac: brcmf_sdio_dpc Enter
[ 2975.219368] brcmfmac: brcmf_sdio_bus_sleep Enter: request WAKE currently WAKE
[ 2975.219373] brcmfmac: brcmf_sdio_clkctl Enter
[ 2975.219376] brcmfmac: brcmf_sdio_bus_sleep new state WAKE
[ 2975.219380] brcmfmac: brcmf_sdio_bus_sleep Exit: err=0
[ 2975.219386] brcmfmac: brcmf_sdio_readframes Enter
[ 2975.219394] brcmfmac: brcmf_sdiod_recv_pkt addr = 0x18000000, size = 64
[ 2975.219430] brcmutil: RxHdr:
[ 2975.219437] 00000000: 54 00 ab ff 65 02 00 0e 00 c9 00 00              T...e.......
[ 2975.219444] brcmfmac: brcmf_sdiod_recv_pkt addr = 0x18000000, size = 24
[ 2975.219472] brcmutil: Rx Data:
[ 2975.219476] 00000000: 54 00 ab ff 65 02 00 0e 00 c9 00 00 00 00 20 05  T...e......... .
[ 2975.219480] 00000010: 00 00 88 a2 9e 66 59 10 62 72 58 ed 47 5b 08 00  .....fY.brX.G[..
[ 2975.219483] 00000020: 45 b8 00 34 00 00 40 00 40 06 0c 09 c0 a8 56 18  E..4..@.@.....V.
[ 2975.219487] 00000030: c0 a8 56 9a fc c6 00 16 ce 28 ca a2 7d d8 e8 cf  ..V......(..}...
[ 2975.219490] 00000040: 80 10 08 00 51 49 00 00 01 01 08 0a 25 bd b9 9a  ....QI......%...
[ 2975.219494] 00000050: d0 be 43 09                                      ..C.
[ 2975.219498] brcmfmac: brcmf_rx_frame Enter: mmc1:0001:1: rxp=00000000a38d46ca
[ 2975.219505] brcmfmac: brcmf_proto_bcdc_hdrpull Enter
[ 2975.219510] brcmfmac: brcmf_fws_hdrpull enter: ifidx 0, skblen 66, sig 0
[ 2975.219515] brcmfmac: brcmf_netif_rx rx proto=0x800
[ 2975.219560] brcmfmac: brcmf_sdiod_recv_pkt addr = 0x18000000, size = 64
[ 2975.219594] brcmutil: RxHdr:
[ 2975.219598] 00000000: 00 00 00 00 00 00 00 00 00 00 00 00              ............
[ 2975.219603] brcmfmac: brcmf_sdio_readframes processed 1 frames
[ 2975.233582] brcmfmac: brcmf_sdio_bus_watchdog Enter
[ 2975.233598] brcmfmac: brcmf_sdio_bus_sleep Enter: request WAKE currently WAKE
[ 2975.233603] brcmfmac: brcmf_sdio_clkctl Enter
[ 2975.233606] brcmfmac: brcmf_sdio_bus_sleep new state WAKE
[ 2975.233610] brcmfmac: brcmf_sdio_bus_sleep Exit: err=0
[ 2975.233696] brcmfmac: brcmf_sdiod_ramrw read 24 bytes at offset 0x00005ec4 in window 0x00258000
[ 2975.233736] brcmfmac: brcmf_sdiod_ramrw read 1024 bytes at offset 0x00005ab4 in window 0x00258000
[ 2975.233839] brcmfmac: CONSOLE: 002970.096 wl0: unable to find iovar "tdls_sta_info"
[ 2975.233843] brcmfmac: CONSOLE: 002970.096 wl0: wlc_iovar_op: tdls_sta_info BCME -23 (Unsupported)
[ 2975.234878] brcmfmac: brcmf_sdiod_ib_irqhandler IB intr triggered
[ 2975.234883] brcmfmac: brcmf_sdio_isr Enter
[ 2975.234981] brcmfmac: brcmf_sdio_dpc Enter
[ 2975.234986] brcmfmac: brcmf_sdio_bus_sleep Enter: request WAKE currently WAKE
[ 2975.234989] brcmfmac: brcmf_sdio_clkctl Enter
[ 2975.234992] brcmfmac: brcmf_sdio_bus_sleep new state WAKE
[ 2975.234996] brcmfmac: brcmf_sdio_bus_sleep Exit: err=0
[ 2975.235000] brcmfmac: brcmf_sdio_readframes Enter
[ 2975.235005] brcmfmac: brcmf_sdiod_recv_pkt addr = 0x18000000, size = 64
[ 2975.235036] brcmutil: RxHdr:
[ 2975.235042] 00000000: 78 00 87 ff 66 02 00 0e 00 c9 00 00              x...f.......
[ 2975.235048] brcmfmac: brcmf_sdiod_recv_pkt addr = 0x18000000, size = 56
[ 2975.235078] brcmutil: Rx Data:
[ 2975.235082] 00000000: 78 00 87 ff 66 02 00 0e 00 c9 00 00 00 00 20 05  x...f......... .
[ 2975.235086] 00000010: 00 00 88 a2 9e 66 59 10 62 72 58 ed 47 5b 08 00  .....fY.brX.G[..
[ 2975.235089] 00000020: 45 ba 00 58 00 00 40 00 40 06 0b e3 c0 a8 56 18  E..X..@.@.....V.
[ 2975.235093] 00000030: c0 a8 56 9a fc c6 00 16 ce 28 ca a2 7d d8 e8 cf  ..V......(..}...
[ 2975.235096] 00000040: 80 18 08 00 f9 d3 00 00 01 01 08 0a 25 bd b9 aa  ............%...
[ 2975.235100] 00000050: d0 be 43 09 00 00 00 10 5f eb 1d 81 22 02 86 2c  ..C....._..."..,
[ 2975.235103] 00000060: ac 1d 5c d3 29 8b 7d 2b 33 61 67 4e 1d a8 12 5b  ..\.).}+3agN...[
[ 2975.235107] 00000070: a5 22 6a ea 83 53 23 d3                          ."j..S#.
[ 2975.235110] brcmfmac: brcmf_rx_frame Enter: mmc1:0001:1: rxp=00000000a38d46ca
[ 2975.235116] brcmfmac: brcmf_proto_bcdc_hdrpull Enter
[ 2975.235120] brcmfmac: brcmf_fws_hdrpull enter: ifidx 0, skblen 102, sig 0
[ 2975.235126] brcmfmac: brcmf_netif_rx rx proto=0x800
[ 2975.235165] brcmfmac: brcmf_sdiod_recv_pkt addr = 0x18000000, size = 64
[ 2975.235199] brcmutil: RxHdr:
[ 2975.235204] 00000000: 00 00 00 00 00 00 00 00 00 00 00 00              ............
[ 2975.235209] brcmfmac: brcmf_sdio_readframes processed 1 frames
[ 2975.235360] brcmfmac: brcmf_netdev_start_xmit Enter, bsscfgidx=0
[ 2975.235367] brcmfmac: brcmf_proto_bcdc_hdrpush Enter
[ 2975.235371] brcmfmac: brcmf_sdio_bus_txdata Enter: pkt: data 00000000cce54562 len 106
[ 2975.235376] brcmfmac: brcmf_sdio_bus_txdata deferring pktq len 0
[ 2975.235391] brcmfmac: brcmf_sdio_dpc Enter
[ 2975.235395] brcmfmac: brcmf_sdio_bus_sleep Enter: request WAKE currently WAKE
[ 2975.235398] brcmfmac: brcmf_sdio_clkctl Enter
[ 2975.235401] brcmfmac: brcmf_sdio_bus_sleep new state WAKE
[ 2975.235404] brcmfmac: brcmf_sdio_bus_sleep Exit: err=0
[ 2975.235409] brcmfmac: brcmf_sdio_sendfromq Enter
[ 2975.235412] brcmfmac: brcmf_sdio_txpkt Enter
[ 2975.235417] brcmutil: Tx Frame:
[ 2975.235420] 00000000: 84 00 7b ff 80 00 00 01 00 00 00 00 a1 02 00 1a  ..{.............
[ 2975.235423] 00000010: 00 00 00 00 00 00 00 00 00 00 20 06 00 00 62 72  .......... ...br
[ 2975.235427] 00000020: 58 ed 47 5b 88 a2 9e 66 59 10 08 00 45 12 00 58  X.G[...fY...E..X
[ 2975.235430] 00000030: 68 4e 40 00 40 06 a4 3c c0 a8 56 9a c0 a8 56 18  hN@.@..<..V...V.
[ 2975.235433] 00000040: 00 16 fc c6 7d d8 e8 cf ce 28 ca c6 80 18 02 58  ....}....(.....X
[ 2975.235437] 00000050: 32 d3 00 00 01 01 08 0a d0 be 43 1e 25 bd b9 aa  2.........C.%...
[ 2975.235440] 00000060: 00 00 00 10 33 d5 e6 53 f5 c7 d4 90 3a 72 6d 6a  ....3..S....:rmj
[ 2975.235443] 00000070: 9f c8 36 95 f3 c5 ae dd ea 96 5c c1 7e 81 09 89  ..6.......\.~...
[ 2975.235447] 00000080: 73 e5 da f0                                      s...
[ 2975.235451] brcmfmac: brcmf_sdiod_send_pkt addr = 0x18000000, size = 1
[ 2975.235497] brcmfmac: brcmf_proto_bcdc_hdrpull Enter

[exit=0]
